number,year,title,baseline_title,doi,primary_theme,subtheme,secondary_themes,ambiguity,mapping_basis,evidence_level,metadata_status,rationale_ko,rationale_en,evidence_scope_ko,evidence_scope_en,external_dois,pending_ko,pending_en,ko_page,en_page
101,2026,Synergistic Mechano-Fluidic Self-Fusion of Poly(vinyl alcohol)-Modified Liquid-Metal Particles for Post-Treatment-Free Soft Electronics,Synergistic Mechano-Fluidic Self-Fusion of Poly(vinyl alcohol)-Modified Liquid-Metal Particles for Post-Treatment-Free Soft Electronics,,routing,liquid-conductors,,True,title_only,catalogue,missing_doi,공개 제목의 액체금속 입자와 소프트 전자소자 문맥을 근거로 액체 전도체에 임시 배치한다. 초록·DOI 미확보로 실제 기판 부착·배선 연속성과 소자 접속은 확인하지 않았다.,"Public-title references to liquid-metal particles and soft electronics support a provisional liquid-conductor shelf. Without an abstract/DOI, substrate attachment, routing continuity and component joining remain unverified.",공개 BLISS 목록의 제목·저자·Accepted 표기를 확인했다. 정확 제목 및 주요 구문 공개 검색에서 출판사 DOI·초록을 확보하지 못했다. 학회 발표의 유사 제목은 최종 논문과 동일 자료로 간주하지 않았다.,"The public BLISS list confirms title, authors and Accepted status. Exact-title and phrase searches did not yield publisher DOI/abstract. A similar conference title was not treated as the final article.",10.1038/s41528-021-00123-x,최종 공개 DOI·초록 확인 후 학교 Chrome에서 본문·보충자료와 후처리 정의를 검증한다. 미공개 자료는 외부 입력하지 않았고 그림·원문을 재배포하지 않았다.,"After locating a public DOI/abstract, verify the main text, supplements and post-treatment definition in school Chrome. No unpublished material was submitted externally; no figures or full text were redistributed.",ko/papers/101.html,en/papers/101.html
100,2026,Bridging IC chips and deformable circuits: A packaging framework for high-density soft electronics,Bridging IC Chips and Deformable Circuits: A Packaging Framework for High-Density Soft Electronics,10.1016/j.mser.2026.101285,integration,packaging,routing,False,registered_title,metadata,verified_metadata,Crossref에서 확인한 제목이 IC 칩과 변형 가능한 회로 사이 패키징을 직접 명시해 배선–칩 접합 경계에 부합한다. 초록 전체는 미확보이므로 구체 공법·성능 분류는 보류한다.,"The Crossref-confirmed title explicitly concerns IC-chip/deformable-circuit packaging, fitting the interconnect–chip boundary. The complete abstract is unavailable, so specific methods and performance remain unclassified.",Crossref 서지에서 제목·DOI·권·논문번호를 확인했으나 초록 필드는 없다. ScienceDirect 검색 결과에 초록 일부가 나타났지만 직접 페이지 열기는 실패하여 전체 초록 검토로 계산하지 않았다.,"Crossref confirms title, DOI, volume and article number but has no abstract. ScienceDirect search exposed fragments; direct page access failed, so no complete abstract review is claimed.",10.1038/s41528-021-00123-x,학교 Chrome에서 DOI 10.1016/j.mser.2026.101285의 초록·본문·비교표를 확인한다. 원본 서지는 수정하지 않았고 수치·제조 절차는 추가하지 않았다.,"Verify DOI 10.1016/j.mser.2026.101285, abstract, main text and comparison tables in school Chrome. Original metadata remains untouched; no numerical results or fabrication procedures were added.",ko/papers/100.html,en/papers/100.html
99,2026,Advances in Wearable Thermoelectric Devices: Strategies for Enhancing Wearability and Performance,Advances in Wearable Thermoelectric Devices: Strategies for Enhancing Wearability and Performance,10.1002/smsc.70402,integration,foundations,tissue; routing,True,full_text,full_text,verified_metadata,출판사 초록은 전기 접촉·열 전달·피부 순응성을 함께 다루는 광범위한 리뷰임을 확인한다. 특정 접합법 중심이 아니므로 소자 통합의 기초·연결 검토에 두고 조직 결합 및 배선의 교차 범위를 표시한다.,"The publisher abstract spans electrical contacts, heat transfer and skin conformity. As no single joining method dominates, retain integration foundations with tissue/routing cross-links and explicit cross-theme ambiguity.","출판사 서지·초록·§1·§3.1–3.2·§7을 확인했습니다. 보강 시 동일 논문의 공개 XML에서 §2.1–2.2, §4.1, §7을 직접 읽어 발전·냉각의 조건과 열 전달 한계를 대조했습니다. 인용 실험의 원자료·수치를 전수 재검증하지 않았습니다. 키리가미 사례의 §3.1도 공개 XML에서 재확인했으며 원 인용 논문의 독립 검증은 아닙니다.","Verified publisher metadata, Abstract, §1, §3.1–3.2 and §7. During expansion, read the same article’s public XML §2.1–2.2, §4.1 and §7 to check generation/cooling boundaries and heat-transfer limitations. Cited experiments and raw numerical data were not individually audited. Also rechecked the kirigami example in public XML §3.1, without independently auditing the cited original.",10.1038/s41467-025-59602-8,학교 Chrome에서 인용 원문의 시험 조건과 그림별 재사용 권리를 대조한다. 인용된 여러 장치의 성능을 같은 조건의 직접 비교로 해석하지 않는다.,"Check cited original studies, test conditions and figure-specific reuse rights in school Chrome. Results from different devices are not matched direct comparisons.",ko/papers/099.html,en/papers/099.html
98,2026,Bioadhesive hydrogels as immunomodulatory interfaces for chronic wound healing: from microenvironmental regulation mechanism to engineering strategies,Bioadhesive Hydrogels as Immunomodulatory Interfaces for Chronic Wound Healing: From Microenvironmental Regulation Mechanism to Engineering Strategies,10.1093/burnst/tkag055,host,immune-response,tissue,False,abstract,full_text,verified_metadata,생체접착 하이드로젤의 면역·상처 미세환경 조절이 중심이며 조직 접착을 부차적으로 연결한다.,Immunomodulation and the wound microenvironment are central; tissue adhesion provides a secondary connection.,"공개 XML의 임상 요구 특성(sec6), 감지 통합 도입부(sec20), 미래 과제(sec22), 결론(sec23)을 읽었습니다. 종설의 인용 실험·규제 주장을 독립적으로 전수 검증하지 않았습니다.","Read public XML required properties (sec6), sensing-integration introduction (sec20), future challenges (sec22), and conclusions (sec23); cited experiments and regulatory assertions were not independently audited.",10.1038/s41587-022-01528-3,선정한 개별 설계의 실제 효능을 더 설명하려면 인용 원문과 시험 조건을 확인해야 합니다. 규제·허가 경로는 이 자료실 글에서 확정하지 않았습니다. BioRender 그림 재사용 권리는 별도 보류입니다.,Further explanation of the efficacy of individual designs requires checking the cited original studies and test conditions. Regulatory and approval pathways were not established in this library article. BioRender figure reuse rights remain a separate pending issue.,ko/papers/098.html,en/papers/098.html
97,2026,"Play‐Doh Inspired a Transformative, Shape‐Adaptive iHEÄLS Enabling Post‐Crosslinking Mechanical‐Biological Modulation and Its Effectiveness in Musculoskeletal Repair","Play-Doh Inspired a Transformative, Shape-Adaptive iHEÄLS Enabling Post-Crosslinking Mechanical-Biological Modulation and Its Effectiveness in Musculoskeletal Repair",10.1002/adma.74385,tissue,repair-biofabrication,host,False,abstract,abstract,verified_metadata,출판사 초록의 결손부 충전·조직 접착·골 복구가 조직–재료 접촉과 복구 경계에 직접 해당한다. 세포 이동·골 분화 조절은 숙주 상호작용의 부차적 연결이다.,"Publisher-abstract evidence for defect filling, tissue adhesion and bone repair directly fits tissue–material contact and repair. Cell migration and osteogenic modulation provide a secondary host-interaction link.","Crossref 등록 초록을 읽고 출판사의 서지·초록을 직접 대조했다. DOI 10.1002/adma.74385, 온라인 발행 2026-08-01. 본문·보충자료·정량 조건은 미검토다.","The Crossref abstract was read and checked against publisher metadata/abstract: DOI 10.1002/adma.74385, online 2026-08-01. Main text, supplements and quantitative conditions remain unchecked.",10.1126/science.aah6362,학교 Chrome에서 훈련·접착·골 결손 모델·분해 평가와 보충자료를 확인한다. 초록만으로 제조법이나 정량 우수성을 추가하지 않고 그림 권리를 별도 확인한다.,"Verify training, adhesion, bone-defect models, degradation and supplements in school Chrome. Fabrication protocols and quantitative superiority await verification; figure rights require separate checking.",ko/papers/097.html,en/papers/097.html
96,2026,Immune‐Responsive Bioinks Enable Vision‐Guided in Situ Robotic Bioprinting to Accelerate Diabetic Wound Healing,Immune-Responsive Bioinks Enable Vision-Guided In situ Robotic Bioprinting to Accelerate Diabetic Wound Healing,10.1002/adfm.77191,host,immune-response,tissue,False,abstract,abstract,verified_metadata,"출판사 초록의 저산소 완화·대식세포 상태 변화·재생 면역 환경이 숙주 반응 조절을 직접 다룬다. 형상 적응 상처 인쇄는 조직 복구의 연결이며, 로봇 사용만으로 배선–칩 소자 통합에 분류하지 않는다.","Publisher-abstract evidence addresses hypoxia, macrophage states and regenerative immune responses directly. Conformal wound printing links to tissue repair; robot use alone does not establish interconnect–chip integration.","Crossref 등록 초록과 출판사 서지·초록을 직접 대조했다. DOI 10.1002/adfm.77191, 온라인 발행 2026-07-23. 본문·보충자료·공간 전사체 원자료는 미검토다.","Crossref and publisher abstracts/metadata were directly compared: DOI 10.1002/adfm.77191, online 2026-07-23. Main text, supplements and spatial-transcriptomic source data remain unchecked.",10.34133/2022/9794745,학교 Chrome에서 모델·대조군·산소 및 세포 조건·면역 인과성·보충자료를 검증한다. 사람 세포 사용을 사람 임상시험으로 해석하지 않으며 원문·그림은 재배포하지 않았다.,"Verify models, controls, oxygen/cell conditions, immune causality and supplements in school Chrome. Human cells do not imply a human clinical trial; no figures or full text were redistributed.",ko/papers/096.html,en/papers/096.html
95,2026,"Lubricious anti-adhesive interface prevents friction, biofilm, and encrustation in long-term indwelling ureteral stents","Lubricious Anti-Adhesive Interface Prevents Friction, Biofilm, and Encrustation in Long-Term Indwelling Ureteral Stents",10.1016/j.mtbio.2026.103405,host,antifouling-lubrication,,False,abstract,full_text,verified_metadata,요관 스텐트의 윤활 계면으로 세균·결정 침착·조직 자극을 다루므로 기기–숙주 반응에 직접 해당한다.,"A lubricated ureteral-stent interface addresses bacteria, encrustation and irritation, directly fitting device–host interaction.","공개 Europe PMC XML의 설계(sec17), 마찰·유지 방법(sec10), 돼지 방법(sec13), 안정성·마찰(sec20–21), 돼지 설계(sec25), 조직·침착·한계·결론(sec27–30)을 읽었습니다. sec26은 일부 문단만 열람했으며 전체 절을 검토했다고 표시하지 않습니다.","Read public Europe PMC XML design (sec17), friction/retention methods (sec10), porcine methods (sec13), stability/friction (sec20–21), porcine design (sec25), and histology, mineral deposition, limitations and conclusions (sec27–30). Only selected paragraphs of sec26 were read, not the entire section.",10.1038/nbt.3020,"감염 도전 생체시험, 독립 군 설계, 윤활액 분포·소실과 장기 안전성은 추가 검증 대상입니다. SI 전체와 제조 조건의 재현성 감사는 완료하지 않았습니다.","In vivo infection-challenge testing, independent group designs, lubricant distribution and loss, and long-term safety require further verification. A complete SI audit and assessment of manufacturing reproducibility have not been completed.",ko/papers/095.html,en/papers/095.html
94,2026,Intelligent multimodal-energy-driven piezoelectric antibacterial platforms: From structural control to system-level diagnosis,Intelligent multimodal-energy-driven piezoelectric antibacterial platforms: From structural control to system-level diagnosis,10.1016/j.mtbio.2026.103299,host,biological-regulation,,True,abstract,abstract,verified_metadata,항균 압전 플랫폼과 숙주 안전성을 다루는 확장 범위 리뷰다. 이식체 코팅을 포함하지만 모든 사례가 기기–숙주 계면은 아니므로 교차 범위를 표시한다.,"This broader review addresses piezoelectric antibacterial platforms and host safety. It includes implant coatings, but not every case is a device–host interface, so the mapping remains qualified.",PubMed 초록을 Europe PMC API에서 읽었다. 출판사 본문 접근 실패 및 PMC 보안 확인으로 전문은 미검토다.,The PubMed abstract was read via Europe PMC API. Publisher failure and a PMC browser check prevented full-text review.,10.1016/j.actbio.2023.10.006,학교 Chrome에서 DOI 10.1016/j.mtbio.2026.103299의 기전 표·인용 원문·AI 검증 조건을 확인한다.,"Check mechanism tables, cited studies and AI validation conditions for DOI 10.1016/j.mtbio.2026.103299 in school Chrome.",ko/papers/094.html,en/papers/094.html
93,2026,Disposable Endoscope Cap Maintaining Clear Surgical Visualization under Fogging and Fouling,A Disposable Endoscope Cap Maintaining Clear Surgical Visualization under Fogging and Fouling,10.1021/acsami.6c04312,host,antifouling-lubrication,,False,abstract,abstract,verified_metadata,내시경 캡의 혈액·점액 오염과 안개를 액체 계면으로 줄이는 연구이므로 숙주 접촉 중 오염 억제에 해당한다.,"A liquid interface addresses blood/mucus fouling and fogging on an endoscope cap, fitting antifouling during host contact.","출판사 등록 Crossref 초록을 새로 읽었습니다. ACS 본문 페이지는 403으로 열리지 않았으며 본문·본문 그림·실험 방법을 읽었다고 주장하지 않습니다. 공식 ACS Figshare에서 DOI가 일치하는 am6c04312_si_002.pdf를 받아 S1–S20의 텍스트와 렌더링을 모두 읽었습니다. 범위는 저자·소속, 그림 S1–S16의 패널·축·캡션, 표 S1/S2입니다. 상세 Methods가 없는 보충 그림·표의 확인이며, 별도 보충 동영상은 읽지 않았습니다. 원자료 재분석이나 재현성 검증은 아닙니다.","The publisher-registered Crossref abstract was reread. The ACS article page returned 403; the main text, main figures and main experimental methods were not read. The DOI-matched am6c04312_si_002.pdf was downloaded from official ACS Figshare. Text and rendered pages S1–S20 were read: authors/affiliations, panels/axes/captions of Figures S1–S16, and Tables S1/S2. This is a supplementary figure/table review without the detailed main Methods. The separate supplementary video was not reviewed; raw data and reproducibility were not audited.",10.1038/nbt.3020,"DOI 10.1021/acsami.6c04312의 정식 본문에서 생체외 모델의 조직·표본 수·시술 조건, 안전성 시험의 동물·혈액·용량·관찰 기간, 내구 시험의 유량·하중·보충량·멸균 선량, 시야 점수 정의를 확인해야 합니다. SI 그림 S4/S5/S6/S14의 캡션·축·범례 불일치도 대조해야 합니다. 현재 자료로 임상시험·환자 안전성·실시간 3년 내구를 확정하지 않습니다. 학교 Mini에 접근하지 않았습니다.","The final main text for DOI 10.1021/acsami.6c04312 is still needed for ex vivo tissue/sample/procedure details; species, blood source, dose and follow-up in safety testing; flow/load/replenishment and sterilization conditions; and the visual-score definition. Caption/axis/legend inconsistencies in SI Figures S4/S5/S6/S14 also need reconciliation. These materials do not establish a clinical trial, patient safety or three-year real-time durability. No school Mini was accessed.",ko/papers/093.html,en/papers/093.html
92,2026,"Quinone-mediated, tissue-adaptive double-network hydrogel for instant hemostasis and wet-tissue adhesion","Quinone-mediated, tissue-adaptive double-network hydrogel for instant hemostasis and wet-tissue adhesion",10.1038/s41467-026-72068-6,tissue,wet-adhesion,host,False,full_text,full_text,verified_metadata,퀴논 기반 결합으로 젖은 조직에 접착하는 이중 네트워크 하이드로젤이다. 공개 본문에서 패치·주입 형태의 동물 지혈 및 절개 모델을 확인하여 습윤 조직 접착에 배치했다.,A double-network hydrogel bonds to wet tissue through quinone-mediated interactions. Public-text evidence on patch and injectable applications in animal bleeding and incision models supports placement in wet tissue adhesion.,"출판사 서지·초록과 공개 본문의 설계, 접착, 동물 평가, 시험 방법을 확인했다. 보충자료 전체는 미검토다. 보유한 일치 출판 PDF p. 6의 산화 전후 피부 접착 대조와 방법의 접착 시험 설명을 재확인했습니다.","Publisher metadata, abstract, and selected design, adhesion, animal-evaluation and methods sections were checked; supplements remain unaudited. Rechecked the pre-/post-oxidation skin-adhesion comparison on p. 6 and adhesion-test methods in the matching local published PDF.",10.1038/s41586-019-1710-5,학교 Chrome에서 보충자료·원자료를 대조한다. CC BY 4.0 표기는 확인했지만 제삼자 그림 권리는 별도다.,Reconcile supplements/source data in school Chrome. CC BY 4.0 is stated; third-party figure rights remain separate.,ko/papers/092.html,en/papers/092.html
91,2026,Slippery dopamine–fluoropolymer hybrid surface for improving biliary stent longevity,Slippery Dopamine–Fluoropolymer Hybrid Surface for Improving Biliary Stent Longevity,10.1016/j.bioactmat.2026.02.003,host,antifouling-lubrication,,False,full_text,full_text,verified_metadata,담도 스텐트 윤활 코팅의 부착·바이오필름·면역 섬유화 반응이 핵심이다. 호중구 경로는 동일 숙주 테마 안의 면역 연결이다.,"The lubricated biliary-stent coating targets adhesion, biofilm and immune fibrosis; the neutrophil pathway is an immune connection within the same host theme.","DOI·제목이 일치한 공개 Europe PMC XML의 초록, §2.3, §2.5–2.7, §3 결론, §4.18·4.20을 읽었습니다. 피부 내 초기 면역 관찰과 별도 피하 생체적합성을 구분하기 위해 §2.5·4.14·4.15를 다시 읽었습니다. 공식 정정문의 사사 보완도 확인했으며 출판사 웹 전문 직접 검증과는 구분합니다. §2.2의 PDA–PFP 고정과 윤활액 함침 제조 설명도 직접 읽었습니다.","Read DOI/title-matched public Europe PMC XML Abstract, §2.3, §2.5–2.7, §3, §4.18 and §4.20. Rechecked §2.5, §4.14 and §4.15 to separate intradermal immune imaging from subcutaneous biocompatibility. The funding-only correction was also read. Direct publisher-web full text remains distinct. Also read §2.2 directly for PDA–PFP anchoring and lubricant infusion.",10.1038/nbt.3020,공개 저장소 본문은 확인했다. 학교 Chrome에서 출판사 판본과 보충자료·윤활제 잔존 측정 조건을 대조한다. 정정 DOI 10.1016/j.bioactmat.2026.03.015의 #91 항목은 연구비 사사 누락 보완이다. 같은 정정문의 다른 논문 도표 수정과 혼동하지 않는다.,"Public repository text was read. Cross-check the publisher version, supplements and lubricant-retention measurements in school Chrome. Correction DOI 10.1016/j.bioactmat.2026.03.015 adds omitted funding for #91; figure corrections concern other articles in that notice.",ko/papers/091.html,en/papers/091.html
90,2026,Ion‑Mediated Structural Engineering of Hydrogel Interfaces for Tunable Mechanical and Analyte Diffusion Properties in Electrochemical Biosensors,Ion‑mediated Structural Engineering of Hydrogel Interfaces for Tunable Mechanical and Analyte Diffusion Properties in Electrochemical Biosensors,10.1002/adma.202515767,tissue,analyte-transport,,False,full_text,full_text,verified_metadata,생체액 분석물이 센서에 도달하는 겔 계면의 이동성과 기계적 적합성을 함께 조절하므로 조직 결합의 분석물 이동 경계에 해당한다.,"The gel interface jointly controls transport from biofluids to sensors and mechanical suitability, fitting tissue-coupling analyte transport.","출판사 초록·서론·선정 §2.1–2.2와 설명을 읽었으며, 제목·DOI가 일치한 보유 출판 PDF pp. 2–4의 이온 순서·구조·확산 기전을 다시 읽었습니다. 센서별 보정·간섭 시험과 SI 전수 검토는 포함하지 않습니다.","Read publisher Abstract, Introduction and selected §2.1–2.2; reread ion-sequence, structure and transport explanations on pp. 2–4 of the title/DOI-matched local published PDF. Sensor-specific calibration/interference and a complete SI audit are not included.",10.1038/nature16521,학교 Chrome에서 각 센서의 보정·간섭·생체액 조건과 보충자료를 확인한다. 땀과 간질액 성능을 직접 순위화하지 않는다.,"Check calibration, interference, biofluid conditions and supplements in school Chrome. Do not directly rank sweat and interstitial-fluid configurations.",ko/papers/090.html,en/papers/090.html
89,2026,Mechanically Robust and Anti‐Biofouling Hybrid Encapsulation via Layered Organic–Liquid Interfaces for Implantable Devices,Mechanically Robust and Anti-biofouling Hybrid Encapsulation via Layered Organic–Liquid Interfaces for Implantable Devices,10.1002/smll.202510949,integration,packaging,host,False,full_text,full_text,verified_metadata,로컬 출판 본문의 층간 접착·차단·전기 절연 평가가 보호 패키징에 해당한다. 7일 피하 이식의 급성 염증·조직 반응은 숙주 연결이며 장기 생체적합성 확증으로 확대하지 않는다.,"Locally read interlayer adhesion, barrier and electrical-insulation evidence fits protective packaging. Acute inflammatory/tissue responses after seven-day subcutaneous implantation support a host cross-link, without establishing chronic biocompatibility.",제목·DOI가 일치하는 로컬 출판 PDF의 1–3·7–12쪽 선택 본문·결론·누설전류 방법을 읽었습니다. 이번 작업에서 9–12쪽을 다시 대조했습니다. 출판사 웹 전문 직접 열람과 구분합니다.,"Read selected text, conclusion and leakage-current methods on pages 1–3 and 7–12 of the title/DOI-matched published PDF; rechecked pages 9–12. This is distinct from direct publisher-web full-text access.",10.1126/sciadv.1501856,SI와 가속 노화 환산 근거를 확인해야 합니다. 급성 관찰·가속 시험을 장기 임상 수명으로 바꾸어 제시하지 않습니다.,SI and the basis for accelerated-aging extrapolation remain to be checked. Acute observations and accelerated tests are not presented as long-term clinical lifetime.,ko/papers/089.html,en/papers/089.html
88,2026,Optimized Electrical Stimulation Using a Spray‐Printed Conductive Electroceutical Patch for Accelerated Wound Healing in Diabetic Mice,Optimized Electrical Stimulation Using a Spray-Printed Conductive Electroceutical Patch for Accelerated Wound Healing in Diabetic Mice,10.1002/adhm.202504939,host,immune-response,tissue,False,full_text,full_text,verified_metadata,로컬 출판 본문의 전기 자극·염증 지표·당뇨 상처 평가가 숙주 면역 반응에 직접 해당한다. 변형·수화 중 전도 안정성을 확인했지만 핵심 분류는 치료 반응이며 조직 접촉을 부차적으로 연결한다.,"Locally read stimulation, inflammatory-marker and diabetic-wound evidence directly fits host immune response. Conductive stability under deformation/hydration is verified, but the primary classification remains therapeutic response with a tissue-contact cross-link.",제목·DOI가 일치하는 로컬 출판 PDF의 1·5·7·10–12·15쪽 선택 본문·결론·동물 평가 방법을 읽었습니다. 이번 작업에서 10–12·15쪽을 다시 대조했습니다. 웹에서는 저자·초록·Figure 1 캡션 및 저작권 정정을 확인했습니다.,"Read selected text, conclusion and animal-assessment methods on pages 1, 5, 7, 10–12 and 15 of the title/DOI-matched published PDF; rechecked pages 10–12 and 15 in this task. Publisher web checks covered authors, abstract, Figure 1 caption and copyright correction.",10.1038/s41587-022-01528-3,"상처 회복의 정량 요약을 공개하기 전에 Figure 6의 정규화 지표·원자료·SI를 대조하고, 파형별 실제 전달량과 대조군 정의를 확인해야 합니다. 이 초안은 임상 치료 지침이 아닙니다.","Before publishing a quantitative wound-healing summary, reconcile Figure 6 normalized metrics, source data and SI, and verify actual delivered dose by waveform and the control definitions. This draft is not a clinical treatment guideline.",ko/papers/088.html,en/papers/088.html
87,2025,"A Remotely Actuated Multifunctional Nitinol–PMMA Smart Biocomposite: Microcellular Foaming, Shape Morphing, and Controlled Drug Release","A Remotely Actuated Multifunctional Nitinol−PMMA Smart Biocomposite: Microcellular Foaming, Shape Morphing, and Controlled Drug Release",10.1021/acsami.5c19771,integration,foundations,,True,abstract,abstract,verified_metadata,구동·발포·방출을 합친 복합체의 기초 연구다. 공개 초록은 배선–칩 또는 기판–부품 접합을 검증하지 않아 소자 통합의 기초·연결 검토로 한정한다.,"This foundational composite combines actuation, foaming and release. The abstract does not verify interconnect–chip or substrate–component joining, so integration is only a provisional foundation.",ACS 검색에 노출된 초록과 DOI 일치 PubMed 초록을 읽었다. 전문·보충자료는 미검토다.,ACS-indexed and DOI-matched PubMed abstracts were read; full text and supplements remain unchecked.,10.1038/nature03496,학교 Chrome에서 DOI 10.1021/acsami.5c19771의 열 안전성·제조 조건·방출 모델·생체적합성 범위를 확인한다.,"Verify thermal safety, fabrication, release models and biocompatibility scope for DOI 10.1021/acsami.5c19771 in school Chrome.",ko/papers/087.html,en/papers/087.html
86,2025,Encapsulation Strategies for OLEDs: From Conventional Devices to Flexible and Biointegrated Applications,Encapsulation Strategies for OLEDs: From Conventional Devices to Flexible and Biointegrated Applications,10.1002/aelm.202500475,integration,packaging,tissue,True,abstract,full_text,verified_metadata,OLED 봉지의 차단·기계 안정성은 보호 패키징에 해당한다. 리뷰가 기존 표시소자부터 생체 적용까지 넓게 다루어 경계를 표시하고 피부 순응성은 부차 연결로 둔다.,OLED barrier and mechanical stability fit protective packaging. Its breadth from conventional displays to biointegration requires a qualified boundary; skin conformity is secondary.,"Wiley 공개 본문의 §3.1–3.3(수분 차단·기계·소자 평가), §5.3–5.4(생체전자 적용·실용화 한계)와 §6의 도입 결론을 읽었습니다. 인용 원문의 수치·공정은 개별 감사하지 않았습니다.","Read public Wiley §3.1–3.3 (barrier/mechanical/device evaluation), §5.3–5.4 (bioelectronics/practical limitations) and the opening of §6; cited numerical results/processes were not individually audited.",10.1126/sciadv.1501856,인용 원문별 시험 조건·비교표·공정 재현성은 별도 확인 대상입니다. 현재 해설은 평가 체계와 설계 절충에 한정하며 수치 순위를 만들지 않았습니다.,"Test conditions, comparison tables and process reproducibility in the cited original studies require separate checks. The current account is limited to evaluation frameworks and design tradeoffs; it does not establish numerical rankings.",ko/papers/086.html,en/papers/086.html
85,2025,Bioadaptive liquid-infused multifunctional fibers for long-term neural recording via BDNF stabilization and enhanced neural interaction,Bioadaptive Liquid-Infused Multifunctional Fibers for Long-Term Neural Recording via BDNF Stabilization and Enhanced Neural Interaction,10.1126/sciadv.adz1228,host,biological-regulation,integration,False,full_text,full_text,verified_metadata,윤활 표면과 BDNF 고정화를 결합해 비특이적 부착 억제와 신경세포 상호작용을 함께 다룬다. 장기 기록의 표면–조직 반응이 중심이므로 숙주 상호작용에 배치했다.,Lubrication and immobilized BDNF combine resistance to nonspecific attachment with neural interaction. The focus on surface–tissue responses during chronic recording supports a host-interaction assignment.,"공개 웹에서는 PubMed 서지·초록·그림 설명을 확인했다. 출판사와 PMC 본문 접근 오류로, 제목·DOI가 일치하는 기존 로컬 출판사 PDF의 신경 기록 결과·Discussion·Fig. 6을 검토했다(local_pdf_read). 보충자료와 원데이터는 미검토다.","The public web supplied PubMed metadata, abstract and captions. Publisher/PMC retrieval errors required reading the matching local publisher PDF for neural-recording Results, Discussion and Fig. 6 (local_pdf_read). Supplements and raw data were not audited.",10.1038/nbt.3093,학교 Chrome에서 최신 출판사 판본과 보충자료를 대조하고 동물별 전극 배치·장기 표본 탈락·단일 유닛 추적 기준을 확인한다. Figure 1은 비상업적 학술 자료실에 CC BY-NC 4.0 조건으로 수록했다.,"Reconcile the latest publisher version and supplements through school Chrome, including electrode placement, long-term sample attrition and single-unit tracking criteria. Figure 1 is included under CC BY-NC 4.0 for this noncommercial academic library.",ko/papers/085.html,en/papers/085.html
84,2025,Gas‐Specific and Tunable Hydrogen‐Selective ZIF Membrane through Combined Physical Confinement and Sealing Techniques,Gas-Specific and Tunable Hydrogen-Selective ZIF Membrane through Combined Physical Confinement and Sealing Techniques,10.1002/smll.202501590,integration,foundations,,True,full_text,full_text,verified_metadata,산업용 기체 분리막의 구조·밀봉 연구다. 생체소자 접합이나 숙주 반응을 직접 보이지 않아 계면 제조의 기초·연결 검토로만 임시 배치한다.,"This industrial gas-membrane study addresses structural confinement and sealing. Without bioelectronic joining or host-response evidence, it is provisionally shelved only as interface-manufacturing foundations.",Wiley 공개 초록·서론 및 구조 설계 설명을 읽었다. 기체 분리 연구이며 생체소자 검증은 아니다.,"Wiley abstract, introduction and structural-design explanations were read. This is gas-separation research, not a bioelectronic validation.",10.1002/anie.201915807,학교 Chrome에서 DOI 10.1002/smll.202501590의 분리 조건·안정성·모사 가정을 확인한다. 생체 테마 연결은 기초 수준으로 남긴다.,"Verify separation conditions, stability and simulation assumptions for DOI 10.1002/smll.202501590 in school Chrome. Retain only a foundational biointerface connection.",ko/papers/084.html,en/papers/084.html
83,2025,Rapid and Scalable Lubrication Coating for Industrial and Medical Applications via Sequential Dip‐Coating,Rapid and Scalable Lubrication Coating for Industrial and Medical Applications via Sequential Dip-Coating,10.1002/admi.202500353,host,antifouling-lubrication,,False,full_text,full_text,verified_metadata,의료 표면의 생물학적 오염과 마찰을 낮추는 윤활 계면이 중심이다. 산업용 탈형 등 응용도 포함하므로 모든 결과를 숙주 반응으로 읽지 않는다.,The medical interface centers on reduced biological fouling and friction. Industrial demolding is also included and is not itself evidence of host response.,"Wiley 공개 본문의 제작 원리, 표면 성능, 손상 시험과 생체적합성 절을 확인했다. 보충자료 전체와 장기 이식 자료는 별도 검증 대상이다.","Read the public Wiley text on fabrication, surface performance, damage tests and biocompatibility. Supplementary files and long-term implantation require separate review.",10.1038/nature10447,보충자료의 반복 세척·윤활제 손실 조건과 장기 노출 자료를 학교 Chrome DOI 검증에서 확인할 것.,"Check supplementary cleaning, lubricant-loss conditions and prolonged-exposure evidence during school Chrome DOI verification.",ko/papers/083.html,en/papers/083.html
82,2025,Large Scale Ultrafast Manufacturing of Wireless Soft Bioelectronics Enabled by Autonomous Robot Arm Printing Assisted by a Computer Vision‐Enabled Guidance System for Personalized Wound Healing,Large Scale Ultrafast Manufacturing of Wireless Soft Bioelectronics Enabled by Autonomous Robot Arm Printing Assisted by a Computer Vision-Enabled Guidance System for Personalized Wound Healing,10.1002/adhm.202401735,integration,manufacturing,tissue,False,full_text,full_text,verified_metadata,전극·수신 코일·연성 기판을 서로 다른 잉크로 결합하는 제작 공정이 핵심이다. 조직 접촉과 자극은 보조 연결이며 단순 센서 성능으로 분류한 것이 아니다.,"The central process joins electrodes, receiving coils and a soft substrate through different inks. Tissue contact and stimulation provide a secondary connection; placement does not rely on sensing performance alone.","출판사 초록과 제목·DOI가 일치한 출판 PDF pp. 10–12의 결과·Fig. 5–6·결론을 읽었습니다. 형상 데이터의 수동 MATLAB 전달, 무선 구동과 세포 평가를 구분해 재확인했으며 웹 전문 열람과 로컬 PDF 열람을 구분합니다.","Read publisher Abstract and pp. 10–12, Figs. 5–6 and Conclusion of the title/DOI-matched local published PDF. Rechecked manual MATLAB transfer, wireless operation and cellular-assay boundaries. Local PDF access is distinct from publisher-web full text.",10.1038/s41587-022-01528-3,학교 Chrome에서 보충 회로·코일 최적화 자료를 확인하고 수동 설계 단계가 후속 버전에서 자동화됐는지 별도 확인할 것.,Verify supplementary circuit/coil optimization at school; assess any later automation separately from this publication.,ko/papers/082.html,en/papers/082.html
81,2024,Lubricant‐Coated Organ‐on‐a‐Chip for Enhanced Precision in Preclinical Drug Testing,Lubricant-Coated Organ-on-a-Chip for Enhanced Precision in Preclinical Drug Testing,10.1002/smll.202402431,host,biological-regulation,tissue,True,full_text,full_text,verified_metadata,윤활 채널의 비특이적 약물 손실 억제와 배양막의 필요한 세포 부착을 분리 설계한다. 체외 장기 모델이므로 직접 장치–숙주 반응과는 거리가 있어 확장 분류로 표시한다.,"It separates nonspecific drug loss at lubricated channels from necessary cell attachment on the culture membrane. As an in vitro organ model, its connection to device–host response is extended and remains ambiguous.","Wiley 공개 본문의 약물 회수, 장·혈액뇌장벽 모델 및 결론을 확인했다. 임상 예측력은 저자도 추가 검증이 필요하다고 명시한다.","Read public Wiley text on drug recovery, gut/BBB models and conclusions. The authors explicitly require further validation of clinical predictive value.",10.1039/b612140c,보충 약물 패널·산소 전달 자료와 장기 배양 범위를 학교 Chrome DOI 검증에서 확인할 것.,"Verify the supplementary drug panel, oxygen-transport evidence and longer culture limits at school.",ko/papers/081.html,en/papers/081.html
80,2024,Universal hydrogel adhesives with robust chain entanglement for bridging soft electronic materials,Universal Hydrogel Adhesives with Robust Chain Entanglement for Bridging Soft Electronic Materials,10.1038/s41528-024-00327-x,integration,manufacturing,tissue,True,full_text,full_text,verified_metadata,"건조 부품끼리, 또는 하이드로젤과 건조 부품 사이를 접합하는 재료다. 착용형·급성 이식 소자의 조립을 다루므로 소자 통합에 배치했다. 배선–칩의 전기 접속에 한정되지 않는 이종 재료 조립이라는 점에서 확장 분류다.",Joining dry components and hydrogel–dry interfaces enables assembly of wearable and acute implanted devices. This is an extended component-integration assignment: heterogeneous material assembly extends beyond an interconnect–chip electrical junction.,"공개 출판사 웹 본문에서 서지, 초록, 접착 기전, 기계 시험 및 생체 적용 절을 확인했다. 보충자료 전체와 원데이터는 검토하지 않았다. 아래 비교 조건과 후속 검증 과제는 편집자의 제안이다. 일치하는 출판 PDF의 WD 접합·내구 절에서 Fig. 4b–c의 처리/미처리 Ecoflex 대조를 재확인했습니다.","Publisher metadata, abstract, and main-text sections on bonding, mechanical tests and biological applications were read on the public web. Supplements and raw data were not audited. Comparison conditions and follow-up questions are editorial proposals. Rechecked treated/untreated Ecoflex comparison in the WD bonding/durability section, Fig. 4b–c, of the matching local published PDF.",10.1126/sciadv.1700053,학교 Chrome 확인 시 보충표의 비교 접착제 조건과 피로·침지 데이터를 대조한다. Figure 1의 재사용 조건은 그림 아래에 표시했다.,Check comparator-adhesive conditions in the supplementary tables and reconcile fatigue/immersion data through school Chrome. Figure 1 reuse conditions are stated below the figure.,ko/papers/080.html,en/papers/080.html
79,2024,Hydrogel Ink for 3D Printing with High and Widely Tunable Mechanical Properties via the Salting‐Out Effect,Hydrogel Ink for 3D Printing with High and Widely Tunable Mechanical Properties via the Salting-Out Effect,10.1002/admt.202400157,tissue,foundations,,True,full_text,full_text,verified_metadata,조직 모사 역학과 혈관 훈련 모형을 구현하는 잉크 제작이다. 살아 있는 조직과의 접촉·복구가 직접 목표인 실험과 구별하여 기초 연구로 임시 배치한다.,The ink targets tissue-mimetic mechanics and vessel training models. It is provisionally foundational because these differ from direct living-tissue contact or repair experiments.,"출판사 초록과 제목·DOI 일치 로컬 PDF의 유변학, 인공 혈관 및 결론을 읽었다. 전문 근거는 local_pdf_read이며 임상 이식 연구로 분류하지 않는다.","Read the publisher abstract and matched local PDF on rheology, artificial vessels and conclusions. Full-text evidence is local_pdf_read; this is not a clinical graft study.",10.1038/nature11409,보충자료의 반복 하중·형상 유지 조건을 확인하고 교육용 모형과 이식재 용도를 분리 유지할 것.,Check supplementary cyclic-loading and shape-retention conditions; retain the distinction between training models and implants.,ko/papers/079.html,en/papers/079.html
78,2024,"Postoperative Long-Term Monitoring of Mechanical Characteristics in Reconstructed Soft Tissues Using Biocompatible, Immune-Tolerant, and Wireless Electronic Sutures","Postoperative Long-Term Monitoring of Mechanical Characteristics in Reconstructed Soft Tissues Using Biocompatible, Immune-Tolerant and Wireless Electronic Sutures",10.1021/acsnano.4c00396,integration,sensing-actuation,host; tissue,True,full_text,full_text,verified_metadata,"정전용량 섬유 센서, 유도 코일, 봉합 고정을 결합한 칩 없는 무선 측정 시스템이다. 소자 통합의 센서 연결에 배치하되, 배선–칩 접속 자체를 실증한 논문과 구분한다. 항오염 표면과 조직 고정은 다른 두 테마와 연결된다.","A chip-free wireless system combines a capacitive fiber sensor, inductive coil and suture fixation. It extends component integration to sensor-system assembly without demonstrating an interconnect–chip junction. Antifouling and tissue fixation provide host and tissue cross-links.","공개 웹에서는 PubMed 서지와 초록을 확인했다. 출판사 웹 본문은 접근되지 않아 제목·DOI가 일치하는 기존 로컬 출판사 PDF의 결과, Fig. 5, 결론과 동물 실험 절을 읽었다(local_pdf_read). 보충자료는 미검토이며 공개 웹 전문 확인과 구분한다.","Public-web verification covers PubMed metadata and abstract. The publisher web text was inaccessible; a matching local publisher PDF supplied Results, Fig. 5, Conclusions and In Vivo Experiment (local_pdf_read). Supplements were not audited; this is distinct from public-web full-text verification.",10.1038/s41551-021-00802-0,"학교 Chrome에서 출판사 최신 본문·정정 여부와 보충자료의 강성 모델, 반복 측정 및 조직학 근거를 확인한다. 로컬 PDF의 기관 접근 표시는 공개 재배포 허가로 해석하지 않는다.","School Chrome verification should check the current publisher version, corrections and supplementary stiffness model, repeated measurements and histology. Institutional access markings do not authorize redistribution of the local PDF.",ko/papers/078.html,en/papers/078.html
77,2024,Modulus-tunable multifunctional hydrogel ink with nanofillers for 3D-Printed soft electronics,Modulus-tunable Multifunctional Hydrogel Ink with Nanofillers for 3D-Printed Soft Electronics,10.1016/j.bios.2024.116257,tissue,tissue-mechanics,routing,False,full_text,full_text,verified_metadata,"강성 조절·비팽윤·점탄성으로 조직과의 역학 불일치를 줄이며, Fig. 4와 Methods 2.7–2.9에서 돼지 피부 계면·접착을 직접 평가한다. CNT 전도 경로와 신축 센서 시연은 배선 테마의 보조 연결이다.","Modulus control, limited swelling and viscoelasticity address tissue mismatch; Fig. 4 and Methods 2.7–2.9 directly evaluate the porcine-skin interface and adhesion. CNT conduction and stretchable sensing form the secondary routing connection.","출판사 웹 요청은 403이었고 PubMed 서지를 대조했습니다. 일치하는 로컬 출판 PDF의 방법 §2.7–2.9, 결과 §3–4, Fig. 4, 결론과 pp. 3–8의 THIN-X/THIN-C 역할을 읽었습니다. SI 전수 검토는 아닙니다.","Publisher retrieval returned 403 and PubMed metadata was cross-checked. Read local published PDF Methods §2.7–2.9, Results §3–4, Fig. 4, Conclusion and pp. 3–8 on THIN-X/THIN-C roles. This is not a complete SI audit.",10.1038/s41467-020-15316-7,https://www.sciencedirect.com/science/article/abs/pii/S0956566324002628 는 403. 학교 Chrome에서 보충자료와 장기 노출 시험 범위를 확인할 것.,https://www.sciencedirect.com/science/article/abs/pii/S0956566324002628 returned 403. Verify supplementary and prolonged-exposure evidence at school.,ko/papers/077.html,en/papers/077.html
76,2024,"Autonomously Self‐healing, Adhesive, and Stretchable Triboelectric Nanogenerator Using Multifunctional Hydrogel‐Elastomer Double Layer with a Power Management Circuit","Autonomously Self-healing, Adhesive, and Stretchable Triboelectric Nanogenerator Using Multifunctional Hydrogel-Elastomer Double Layer with a Power Management Circuit",10.1002/aelm.202400013,integration,sensing-actuation,tissue; routing,False,full_text,full_text,verified_metadata,하이드로겔 전극과 엘라스토머 마찰층의 접합을 전력 관리 회로와 연결하여 저장·구동하는 조립 문제가 확인된다. 피부 접촉과 신축 전극은 보조 테마다.,Joining the hydrogel electrode and elastomer triboelectric layer to a power-management circuit establishes a system-assembly focus. Tissue contact and stretchable conduction are secondary.,"공개 Wiley의 이중층·회복·전력관리·기기 예시를 읽었고, 일치하는 로컬 출판 PDF pp. 6–8의 §2.4를 다시 읽어 임시 저장·임계 스위칭·출력 전달을 확인했습니다. 보충 영상·SI 전체는 읽지 않았습니다.","Read public Wiley double-layer, recovery, power-management and device-demonstration text; reread §2.4 on pp. 6–8 of the matching local published PDF to confirm temporary storage, threshold switching and output transfer. Supplementary videos/SI were not comprehensively read.",10.1126/sciadv.1700015,"본문의 동일 커패시터·1분 충전 대조는 확인했습니다. 보충 회로 손실과 추가 충전 조건, 습도 조건 및 장치 전체 회복 범위의 대조는 남아 있습니다. 이 추가 확인을 이미 승인한 본문 범위 해설의 미완료 사유로 취급하지 않습니다.","The main-text comparison using the same capacitor and one-minute charging was checked. Supplementary circuit losses, additional charging and humidity conditions, and whole-device recovery still need reconciliation. These remaining checks do not make the approved main-text account incomplete.",ko/papers/076.html,en/papers/076.html
75,2024,Intelligent In situ Printing of Multimaterial Bioinks for First‐Aid Wound Care Guided by Eye‐In‐Hand Robot Technology,Intelligent In Situ Printing of Multimaterial Bioinks for First-Aid Wound Care Guided by Eye-In-Hand Robot Technology,10.1002/admt.202400060,tissue,repair-biofabrication,,False,abstract,abstract,verified_metadata,여러 위치의 상처에 생체 잉크를 직접 전달하고 세포 침투를 지원하는 조직 복구 제작이 중심이다. 로봇 사용만으로 전자 부품 통합 테마에 넣지 않는다.,Direct delivery of bioinks to wounds and support for cell infiltration establish tissue-repair biofabrication. Robot use alone does not establish electronic component integration.,"Wiley의 직접 공개 초록과 Crossref 등록 초록을 확인했다. 본문·보충자료의 동물 수, 재료 조성, 치유 정량치는 아직 확인하지 않았다.","Read the direct Wiley abstract and publisher-registered Crossref abstract. Animal counts, formulations and quantitative healing results in the text/supplement remain unread.",10.1038/s41598-018-38366-w,https://advanced.onlinelibrary.wiley.com/doi/10.1002/admt.202400060 에서 본문 미제공. 학교 Chrome에서 동물 모델·대조군·인식 오류·멸균 조건을 확인할 것.,"The publisher page did not expose the main text. Verify animal models, controls, targeting failures and sterility conditions through school Chrome.",ko/papers/075.html,en/papers/075.html
74,2024,Liquid-based electronic materials for bioelectronics: current trends and challenges,[Invited Review] Liquid-based electronic materials for bioelectronics: current trends and challenges,10.1039/d3im00122a,routing,liquid-conductors,tissue; integration; host,True,full_text,full_text,verified_metadata,"전도체 절을 기준으로 액체 기반 전기 경로에 주 배치하지만, 접착·봉지·항오염을 함께 다루는 종설이다. 단일 계면 연구로 고정할 수 없어 다중 테마와 불확실성을 유지한다.","Conductor sections motivate the primary liquid-routing placement, but this review also covers adhesion, encapsulation and antifouling. Its breadth requires multiple themes and an ambiguity flag.","제목·DOI를 대조한 로컬 게재본 PDF 2–14쪽에서 전도체·봉지층·접착층 절, Table 1과 결론을 읽었습니다. 추가 본문 확인은 §3의 액체 주입 봉지층 및 기계적 밀봉·박막 비교 도입부, §4의 높은 수분 함량·낮은 탄성률에 따른 하이드로겔 접착 한계 설명, §5 결론입니다. 여기서 추가 확인은 보충자료(SI) 읽기를 뜻하지 않습니다.","Local published PDF pp. 2–14: conductor, encapsulation and adhesive sections; Table 1; Conclusions; title/DOI matched. Additional targeted main-text reading in this pass: Local PDF §3 Liquid-infused surfaces for encapsulation, opening comparison of seals/films; §4 adhesive discussion, high-water-content/low-modulus hydrogel limitations; §5 Conclusions This additional reading refers to main text, not supplementary information.",10.1038/s41467-020-15316-7,"SI는 읽지 않았습니다. 정량 우열과 소재별 장기 수명은 인용 원저별 조건 검증이 필요하며, 현재 해설은 종설의 설계 범위에 한정합니다.",SI was not read. Numerical rankings and material lifetimes require verification of the cited primary studies; this account remains within the review’s design scope.,ko/papers/074.html,en/papers/074.html
73,2024,Bioactivated lubricant-infused surfaces: A dual-action strategy for enhancing osseointegration and preventing implant-associated infections,Bioactivated Lubricant-Infused Surfaces: A Dual-Action Strategy for Enhancing Osseointegration and Preventing Implant-Associated Infections,10.1016/j.cej.2024.149043,host,foundations,,True,registered_title,metadata,verified_metadata,골 유착과 감염 억제를 다룬다는 서지 제목에 따른 임시 배치다. 초록·본문 미확인으로 선택적 생물학적 상호작용이나 구체적 표면 기전을 확정하지 않는다.,"This provisional placement follows the registered topic of osseointegration and infection. Without abstract/text, selective biological interactions and the surface mechanism remain unconfirmed.",출판사 서지와 Crossref 제목·DOI만 확인했다. ScienceDirect 전문 요청은 오류였고 Crossref에 초록이 없으며 Europe PMC에도 해당 DOI 기록이 없었다.,Verified publisher/Crossref title and DOI only. ScienceDirect could not be fetched; Crossref has no abstract and Europe PMC returned no record for this DOI.,10.1016/j.bone.2012.01.007,https://www.sciencedirect.com/science/article/pii/S138589472400528X 는 403/가져오기 오류. 학교 Chrome에서 초록·본문·보충자료를 직접 읽어야 한다.,"https://www.sciencedirect.com/science/article/pii/S138589472400528X returned 403/fetch errors. Abstract, main text and supplements require school Chrome verification.",ko/papers/073.html,en/papers/073.html
72,2024,Lubricant‐Infused Polymeric Interfaces: A Stretchable and Anti‐Fouling Surface for Implantable Biomaterials,Lubricant-Infused Polymeric Interfaces: A Stretchable and Anti-Fouling Surface for Implantable Biomaterials,10.1002/adfm.202312740,host,antifouling-lubrication,integration,False,full_text,full_text,verified_metadata,변형하는 생체재료 표면의 비특이적 부착과 마찰을 줄이는 윤활 코팅이 중심이다. 전기 절연과 보호층 호환성은 패키징의 보조 연결이다.,The central interface reduces nonspecific adhesion and friction on deforming biomaterials. Electrical insulation and protective-layer compatibility form a secondary packaging connection.,"로컬 게재본 PDF에서 코팅 구조, 변형·균열 및 항오염 결과, 생체 시험, 전기 절연 설명과 11–12쪽 결론을 읽었습니다. 추가로 §2.2의 Figure 2e–j에서 맨 Ecoflex와 반복 인장·일반 코팅 비교를, §2.5의 Figure 5d–f에서 회수 시료를 항오염·접촉각 시험 전에 PFPE에 다시 담근 조건을 확인했습니다. 이는 추가 본문 확인이며 보충자료(SI) 읽기가 아닙니다.","Local published PDF: coating structure; deformation/crack and antifouling results; biological tests; electrical insulation discussion; pp. 11–12 Conclusion. Additional targeted main-text reading in this pass: Local PDF §2.2, Fig. 2e–j (bare Ecoflex; cyclic stretching versus conventional coating); §2.5, Fig. 5d–f (retrieved samples immersed again in PFPE before antifouling/contact-angle testing) This additional reading refers to main text, not supplementary information.",10.1038/nature10447,SI는 읽지 않았습니다. 정량 반복 절연 수명과 윤활액 소실은 추가 조건 검증이 필요합니다. 회수 시료의 PFPE 재침지는 본문에서 확인했으며 무보충 이식 수명을 주장하지 않습니다.,SI was not read. Quantitative insulation lifetime and lubricant depletion require further verification. PFPE reimmersion of retrieved samples was confirmed in the main text; maintenance-free implantation life is not established.,ko/papers/072.html,en/papers/072.html
71,2024,Functionalized EGaIn Electrodes with Tunable Reduced‐Graphene‐Oxide Assembled EGaIn Core–Shell Particles for Soft and Deformable Electrochemical Biosensors,Functionalized EGaIn Electrodes with Tunable Reduced-Graphene-Oxide Assembled EGaIn Core-Shell Particles for Soft and Deformable Electrochemical Biosensors,10.1002/adfm.202311696,routing,liquid-conductors,integration,True,full_text,full_text,verified_metadata,EGaIn 입자의 표면 기능화로 변형 가능한 전기화학 전극을 구성한다. 액체 전도체와 연결되지만 배선의 연속성 자체보다 전극 반응성이 중심이므로 확장 분류로 표시했다.,"Surface-functionalized EGaIn particles form deformable electrochemical electrodes. The work connects to liquid conductors, but its focus on electrode reactivity rather than interconnect continuity makes this an extended assignment.","출판사 공개 초록과 DOI가 일치하는 기존 로컬 게재 PDF의 초록, §2.3·2.4·3 및 선택된 포도당 검출 결과를 읽었다. 공개 웹 전문과 보충자료 전체는 미검토다.","Publisher abstract and a DOI-matched local published PDF were read: abstract, §§2.3, 2.4, 3 and selected glucose results. Public-web full text and complete supplements remain unchecked.",10.1038/s41528-021-00123-x,학교 Chrome에서 최신 출판사 판본과 보충자료를 대조한다. 완충액 검출을 임상 성능으로 확장하지 않는다.,Reconcile the current publisher version and supplements in school Chrome; buffer sensing is not clinical validation.,ko/papers/071.html,en/papers/071.html
70,2023,A Mechanically Resilient and Tissue‐Conformable Hydrogel with Hemostatic and Antibacterial Capabilities for Wound Care,A Mechanically Resilient and Tissue-conformable Hydrogel with Hemostatic and Antibacterial Capabilities for Wound Care,10.1002/advs.202303651,tissue,wet-adhesion,host,False,full_text,full_text,verified_metadata,젖은 출혈 조직에서 밀착과 접착을 유지하는 패치가 중심이다. 항균과 지혈은 재료–생물학적 상호작용의 보조 테마로 연결한다.,The patch centers on conformal adhesion to wet bleeding tissue. Antibacterial and hemostatic behavior supply a secondary biological-interaction connection.,"공개 본문에서 §2.1의 네트워크 설계·제작, §2.2의 기계적 내구성과 선택된 비교 설명, §2.3의 계면 안정성·돼지 피부, §2.4의 생체적합성·혈액 응고, §2.5의 세균 배양 시험, §2.6의 이식·생쥐 간 지혈 및 Figure 6, §3 결론을 읽었습니다.",§2.1 network design and fabrication §2.2 mechanical durability; selected comparison discussion §2.3 interfacial stability and porcine skin §2.4 biocompatibility and blood clotting §2.5 bacterial culture assays §2.6 implantation and mouse liver hemostasis; Figure 6 §3 Conclusion,10.1126/science.aah6362,SI·접착 활성화의 재현 프로토콜·통계 원자료는 검증하지 않았습니다. 세균 배양과 급성 지혈 결과를 감염 상처 치유·장기 재생으로 확대하지 않습니다.,"SI, reproducible adhesion-activation protocols and raw statistics were not audited. Bacterial-culture and acute-hemostasis results do not establish infected-wound healing or long-term regeneration.",ko/papers/070.html,en/papers/070.html
69,2023,3D printing of mechanically tough and self-healing hydrogels with carbon nanotube fillers,3D printing of mechanically tough and self-healing hydrogels with carbon nanotube fillers,10.18063/ijb.765,routing,conductive-fibers,tissue,False,full_text,full_text,verified_metadata,CNT가 포함된 신축 전도 패턴의 인쇄와 절단 후 전기 연결 회복을 실제 평가했다. 조직 부착·유사 역학은 보조 테마이며 명칭의 섬유에만 한정되지 않는 신축 전극 분류를 사용한다.,Printed stretchable conductive patterns and electrical recovery after cutting were tested. Tissue adhesion/mechanics are secondary; this subtheme includes stretchable electrodes as well as fibers.,"로컬 게재본 PDF 9–12쪽에서 인쇄 유변학, 회복·전기 시험, Figure 5와 결론을 읽었습니다. 공개 XML의 앞부분 서지·저자 정보와 Figure 1도 별도로 확인했습니다. 추가 본문 확인은 유변학·인쇄 가능성, Figure 2c–d의 TA가 없는 대조군·전단박화 설명과 §3.8 Figure 5의 LED 절단·재연결 시연입니다. 추가 확인은 보충자료(SI) 읽기를 뜻하지 않습니다. 독립 승인 검토에서는 공개 Europe PMC XML의 §§3.2–3.3과 §3.8도 선택적으로 읽었으며 XML 전체 검토를 뜻하지 않습니다.","Local published PDF pp. 9–12: printing rheology, recovery/electrical testing, Fig. 5 and Conclusion; public XML front matter and Figure 1 separately read. Additional targeted main-text reading in this pass: Local PDF rheology/printability, Fig. 2c–d (TA-free control and shear thinning); §3.8 Fig. 5 (LED cutting/rejoining) This additional reading refers to main text, not supplementary information. The independent approval review also read selected Europe PMC XML §§3.2–3.3 and §3.8; this does not establish review of the entire XML.",10.1038/s41467-020-15316-7,"SI는 읽지 않았습니다. 땀·탈수·장기 반복 부하에서의 신호 안정성은 미검증이며, 현재 해설은 인쇄와 절단·재연결 시연에 한정합니다.","SI was not read. Signal stability under sweat, dehydration and prolonged repeated loading remains unverified; this account is limited to printing and cutting/rejoining demonstrations.",ko/papers/069.html,en/papers/069.html
68,2023,Resealable Antithrombotic Artificial Vascular Graft Integrated with a Self-Healing Blood Flow Sensor,Resealable anti-thrombotic artificial vascular graft integrated with a self-healing blood flow sensor,10.1021/acsnano.2c10657,integration,sensing-actuation,tissue; host,False,full_text,full_text,verified_metadata,공통 고분자의 자가 결합으로 혈관 모형과 혈류 센서를 접속하는 구조가 중심이다. 밀봉 역학과 항혈전 윤활 표면을 보조 연결로 둔다.,Self-bonding of a shared polymer joins the conduit and flow sensor. Resealing mechanics and the antithrombotic lubricant interface are secondary connections.,"로컬 게재본 PDF 10–13쪽에서 센서 통합, Figure 6, 생체외 연결, 설치류 생체내 시험 방법, 손상된 하대정맥을 3일간 감싼 시험과 1주 피하 관찰을 읽었습니다. 추가로 원 PDF 10–11쪽의 Figure 5g–m 압력·유동·천공 시험과 Figure 6의 생체외·생체내 모델을 확인했습니다. 이는 추가 본문 확인이며 보충자료(SI) 읽기가 아닙니다.","Local published PDF pp. 10–13: sensor integration, Fig. 6, ex vivo connections, rodent in vivo methods; 3-day injured-IVC wrapping and 1-week subcutaneous observation. Additional targeted main-text reading in this pass: Local PDF Fig. 5g–m pressure/flow/puncture testing and Fig. 6 ex vivo/in vivo models; original PDF pp. 10–11 This additional reading refers to main text, not supplementary information.",10.1038/s41551-018-0336-5,SI는 읽지 않았습니다. 상세 유량 보정·통계 단위·장기 혈관 대체와 개통성은 추가 검증이 필요합니다. 본문에서 확인한 밀봉·센서 결합·단기 모델 범위에 한정합니다.,"SI was not read. Detailed flow calibration, statistical units, chronic vessel replacement and patency require further verification. This account is limited to the reported sealing, sensor integration and short-term models.",ko/papers/068.html,en/papers/068.html
67,2023,Lubricant skin on diverse biomaterials with complex shapes via polydopamine-mediated surface functionalization for biomedical applications,Lubricant skin on diverse biomaterials with complex shapes via polydopamine-mediated surface functionalization for biomedical applications,10.1016/j.bioactmat.2022.07.019,host,antifouling-lubrication,,False,abstract,abstract,verified_metadata,공개 초록은 복잡한 의료 기구의 항오염·저마찰 표면을 명시한다. 제작 공정이 존재해도 전기 배선–소자 접속 연구는 아니므로 소자 통합으로 자동 분류하지 않는다.,The abstract explicitly concerns antifouling and low-friction medical surfaces. A coating process does not by itself establish an interconnect–component integration study.,2026-10-06 MacBook에서 DOI가 일치하는 Europe PMC core API의 제목·초록·PMID 37056251·PMCID PMC10088055를 다시 확인했습니다. 과학 본문은 확보하지 못했습니다. 기존 2026-10-05의 PMC 앞부분 XML 열람은 저자·교신 각주만 확인한 기록입니다.,"On 6 October 2026, rechecked the DOI-matched Europe PMC core record, abstract, PMID 37056251 and PMCID PMC10088055 on this MacBook. Scientific main text was not obtained. The prior PMC front-matter XML review on 5 October covered authors and correspondence notes only.",10.1038/nature10447,"2026-10-06 재확인: 출판사 ScienceDirect는 HTTP 403, PMC 웹은 브라우저 확인 화면, 공식 OAI의 pmc 전문 형식은 HTTP 400 cannotDisseminateFormat, Europe PMC가 무료 PDF로 연결한 주소는 HTTP 403 확인 화면입니다. 현재 MacBook에서 과학 본문·SI를 읽지 못했습니다. 열 회복·멸균의 온도/시간/회수, 윤활제 손실, 생체·혈액 시험의 모델·대조군·표본 수를 본문과 SI에서 확인해야 합니다. 접근 제한이나 Mini 연결을 우회하지 않았습니다.","Rechecked on 6 October 2026: ScienceDirect returned HTTP 403; the PMC web page showed a browser check; the official OAI pmc full-text format returned HTTP 400 cannotDisseminateFormat; and the free-PDF URL listed by Europe PMC returned an HTTP 403 challenge. Scientific main text and SI remain unread on this MacBook. Thermal-recovery and sterilization temperature, duration and cycles; lubricant loss; and biological/blood-test models, controls and sample sizes require direct main-text/SI review. Access restrictions and the Mini connection were not bypassed.",ko/papers/067.html,en/papers/067.html
66,2023,Intrinsically Nonswellable Multifunctional Hydrogel with Dynamic Nanoconfinement Networks for Robust Tissue‐Adaptable Bioelectronics,Intrinsically Nonswellable Multifunctional Hydrogel with Dynamic Nanoconfinement Networks for Robust Tissue‐Adaptable Bioelectronics,10.1002/advs.202207237,tissue,tissue-mechanics,routing,False,full_text,full_text,verified_metadata,"나노 구속 구조를 이용해 조직 접촉 하이드로젤의 팽윤, 역학, 전도성을 함께 설계한다. 조직 적응 역학이 주제이며, 전도 경로와 표면 접착은 교차 연관으로 읽어야 한다.","Nanoconfinement couples swelling control, mechanics and conductivity in a tissue-contacting hydrogel. Tissue-adaptive mechanics is the primary theme; electrical transport and adhesion are cross-cutting aspects.","본문에서 §2.1의 네트워크 설계, §2.2의 기계적 내구성과 선택된 설명, §2.3의 전기적 거동, §2.4의 접착, §2.5의 방광·근전도 생체전자 응용, §3 결론과 Methods의 Bioelectronic Applications를 확인했습니다. §2.3–2.4는 앞서 확인한 출판사 본문 범위를 포함합니다.",§2.1 network design §2.2 mechanical durability; selected discussion §2.3 electrical behavior; previously verified publisher body §2.4 adhesion; previously verified publisher body §2.5 bioelectronic applications; bladder and EMG discussion §3 Conclusion Methods: Bioelectronic Applications,10.1038/s41563-020-00814-2,SI와 접착 전처리 재현법은 검증하지 않았습니다. 장기 이식·분자 검출 성능을 주장하지 않으며 읽은 물성·적출 방광·피부 근전도 조건에 한정합니다.,"SI and reproducible adhesion-pretreatment protocols were not audited. Chronic implantation and molecular-sensing performance are not established; the account is limited to the read material, ex vivo bladder and skin-EMG conditions.",ko/papers/066.html,en/papers/066.html
65,2023,A Review on Microfluidics-Based Impedance Biosensors,A review on microfluidics-based impedance biosensors,10.3390/bios13010083,integration,manufacturing,tissue,True,full_text,full_text,verified_metadata,종설의 기판·전극·채널 제작과 결합을 기준으로 통합 공정에 임시 배치한다. 대부분 체외 미세유체 시스템이며 연성 배선–소자 계면과 직접 같지 않아 불확실성을 표시한다.,"Substrate, electrode and channel fabrication/joining motivate a provisional manufacturing placement. Most systems are in vitro microfluidics rather than soft interconnect–component interfaces, so ambiguity is retained.","Europe PMC XML의 §§2–8에서 기판 분류, 유동·전극·제작 설명과 결론을 읽었습니다. 추가 본문 확인은 §2의 첫·마지막 문단, §3의 첫·마지막 문단과 PCB 선폭 설명, §6의 종이 기판 비용·전극에 관한 마지막 문단입니다. 추가 확인은 보충자료(SI) 읽기를 뜻하지 않습니다.","Europe PMC XML §§2–8: substrate categories, flow/electrode/fabrication discussion and conclusions. Additional targeted main-text reading in this pass: §2 opening/final paragraphs; §3 opening/final paragraphs (PCB linewidth); §6 final paragraph (paper cost and electrodes) This additional reading refers to main text, not supplementary information.",10.1039/b103933b,"SI는 읽지 않았습니다. 기판별 성능 순위·임상 적용 수준은 인용 원저별 검증이 필요하며, 현재 해설은 종설의 분류와 측정 조건 차이에 한정합니다.",SI was not read. Substrate rankings and clinical readiness require primary-study verification; this account is limited to the review’s classifications and measurement distinctions.,ko/papers/065.html,en/papers/065.html
64,2022,Giant Pressure Output Efficiency of Capacitive Micromachined Ultrasonic Transducers Using Nano-Silicon-Springs,Giant pressure output efficiency of capacitive micromachined ultrasonic transducers using nano-silicon-springs,10.1109/ius54386.2022.9958066,integration,foundations,,True,registered_title,metadata,verified_metadata,초음파 변환기라는 서지 주제에 따른 소자 기초 연구의 임시 배치다. 본문 미확인으로 연성 기판 접합이나 생체 시스템 조립과의 직접 연결은 확정하지 않는다.,"The transducer topic motivates a provisional component-foundations placement. Without the text, soft-substrate joining or biological-system assembly cannot be established.","IEEE와 Crossref에서 학회 논문의 제목·DOI를 확인했다. IEEE 본문은 브라우저 확인 화면, PDF는 가져오기 오류였고 등록 초록도 확보하지 못했다.",Verified the conference title/DOI through IEEE and Crossref. IEEE showed a browser challenge; PDF fetch failed and no registered abstract was available.,10.1088/0960-1317/21/5/054004,https://ieeexplore.ieee.org/document/9958066/ 브라우저 확인 화면; https://ieeexplore.ieee.org/iel7/9957114/9957143/09958066.pdf 가져오기 오류. 학교 Chrome에서 초록·4쪽 본문·효율 정의 확인 필요.,"IEEE document page showed a browser challenge and its PDF could not be fetched. School Chrome must verify the abstract, four-page text and efficiency definition.",ko/papers/064.html,en/papers/064.html
63,2022,Functional Bioelectronic Materials for Long-Term Biocompatibility and Functionality,Functional Bioelectronic Materials for Long-term Biocompatibility and Functionality,10.1021/acsaelm.1c01212,host,immune-response,integration,True,registered_title,metadata,verified_metadata,서지만 확인된 광범위 리뷰라 기존 숙주 적합성의 잠정 위치를 유지한다.,Metadata alone supports only the existing provisional host-compatibility shelf.,Crossref 서지만 확인했다. 초록 필드가 없고 출판사 페이지 조회도 실패했다.,Crossref metadata only; no registered abstract and publisher retrieval failed.,10.1016/j.smim.2007.11.004,"ACS DOI 페이지는 403, 새 출판사 URL은 도구 접근 오류였다. Europe PMC DOI 조회는 결과가 없었다. 학교 Chrome에서 초록·본문을 확인한 뒤 기여·비교 해설을 작성한다.",ACS DOI retrieval returned 403; the new publisher URL failed in the tool. Europe PMC returned no DOI match. School Chrome must supply the abstract/text before contribution or comparison claims.,ko/papers/063.html,en/papers/063.html
62,2022,Development of a Photonic Switch via Electro‐Capillarity‐Induced Water Penetration Across a 10‐nm Gap,Development of a Photonic Switch via Electro-Capillarity-Induced Water Penetration Across a 10-nm Gap,10.1002/smll.202107060,integration,foundations,,True,abstract,abstract,verified_metadata,읽은 초록은 물 유입을 읽는 광학 공진기이며 배선–칩 접속이나 생체 내 검증을 제시하지 않는다.,"The abstract describes optical wetting readout, not an interconnect–chip junction or in-host validation.",Crossref 등록 초록과 Europe PMC 초록을 읽었다. 출판사 직접 조회와 본문 확인은 실패했다.,Registered Crossref and Europe PMC abstracts were read; publisher text was inaccessible.,10.1038/nature10447,https://advanced.onlinelibrary.wiley.com/doi/10.1002/smll.202107060 은 도구 접근 불가였다. 학교 Chrome에서 광학 기억·반복성 및 보충자료를 확인한다.,The Wiley DOI URL was inaccessible in the tool. Verify optical-memory cycling and supplements in school Chrome.,ko/papers/062.html,en/papers/062.html
61,2021,Rational engineering and applications of functional bioadhesives in biomedical engineering,Rational engineering and applications of functional bioadhesives in biomedical engineering,10.1002/biot.202100231,tissue,wet-adhesion,host,False,abstract,abstract,verified_metadata,기능성 생체접착의 조직 접착·재생·감지 역할이 실제 초록에서 확인된다.,"The abstract explicitly links bioadhesives to tissue adhesion, regeneration and sensing.",출판사 직접 페이지는 접근 불가였다. Crossref 등록 초록과 Europe PMC 초록을 읽었다.,Publisher retrieval failed; Crossref-registered and Europe PMC abstracts were read.,10.1038/s41586-019-1710-5,https://onlinelibrary.wiley.com/doi/10.1002/biot.202100231 접근 불가. 학교 Chrome에서 리뷰 표·인용 원문을 대조한다.,The Wiley DOI URL was inaccessible. Audit review tables and cited primary studies in school Chrome.,ko/papers/061.html,en/papers/061.html
60,2021,A multifunctional electronic suture for continuous strain monitoring and on-demand drug release,A multifunctional electronic suture for continuous strain monitoring and on-demand drug release,10.1039/d1nr04508c,integration,sensing-actuation,routing; tissue; host,False,full_text,full_text,verified_metadata,로컬 본문에서 섬유 센서–FPCB 접속과 폐루프 전압 제어를 확인해 실제 연결·시스템 조립 분류를 유지한다.,"Local text confirms fiber-sensor/FPCB connections and closed-loop voltage control, supporting actual component/system integration.","DOI가 일치하는 기존 로컬 PDF의 초록, §2.1·2.9와 결론을 읽었다. 공개 API 초록도 대조했다.","A DOI-matched local PDF supplied the abstract, §§2.1/2.9 and Conclusions; the public API abstract was cross-checked.",10.1038/s41551-021-00802-0,RSC articlelanding 및 새 URL 모두 403/도구 오류. Crossref의 abstract는 그림 설명뿐이다. 학교 Chrome에서 최신 본문·보충자료·권리를 대조한다.,"RSC landing/new URLs failed with 403/tool errors. Crossref supplied only a graphical caption. Verify current text, supplements and rights in school Chrome.",ko/papers/060.html,en/papers/060.html
59,2021,A Lubricated Nonimmunogenic Neural Probe for Acute Insertion Trauma Minimization and Long‐Term Signal Recording,A Lubricated Non-immunogenic Neural Probe for Acute Insertion Trauma Minimization and Long-Term Signal Recording,10.1002/advs.202100231,host,immune-response,tissue; integration,False,full_text,full_text,verified_metadata,공개 본문에서 삽입 마찰·부착·임피던스를 함께 검토하여 장치–숙주 반응 경계가 직접 확인된다.,"Public text directly examines the device–host boundary through insertion friction, attachment and electrode impedance.","앞서 출판사 본문의 서론과 §§2.1–2.3에서 표면·전극·삽입 평가를 읽었습니다. 추가로 Europe PMC XML의 §§2.6–2.8, Figure 5 전체 캡션, §3 Discussion, Experimental Section의 동물 준비·수술, 전기생리 기록·신호 분석 및 통계 분석을 읽었습니다. §§2.4–2.5는 이번 단계에서 새로 검토한 범위가 아닙니다.","Earlier publisher body: Introduction and §§2.1–2.3, surface/electrode/insertion evaluation. Additional Europe PMC XML read: §§2.6–2.8; Figure 5 full caption; §3 Discussion; Experimental Section / Animal Preparation and Surgery; Electrophysiological Recording and Signal Analysis; Statistical Analysis. §§2.4–2.5 not newly audited in this pass.",10.1016/j.smim.2007.11.004,SI 원자료·전체 전극 패널·동물 수준 재분석은 검토하지 않았습니다. 읽은 기록 조건을 자유 행동 성능이나 임상 수명으로 확대하지 않습니다.,"Supplementary raw data, every electrode panel and animal-level reanalysis were not audited. The reviewed recording conditions do not establish freely moving performance or clinical longevity.",ko/papers/059.html,en/papers/059.html
58,2021,Electronic Drugs: Spatial and Temporal Medical Treatment of Human Diseases,Electronic Drugs: Spatial and Temporal Medical Treatment of Human Diseases,10.1002/adma.202005930,host,biological-regulation,integration,True,abstract,full_text,verified_metadata,전자약의 표적 기능과 이식 부작용이 초록에 명시되나 넓은 리뷰여서 주제 우선순위는 잠정적이다.,The abstract joins targeted electronic treatment with implant side effects; the broad review remains thematically provisional.,"MacBook에 실제 저장된 저자기관 공개 PDF를 직접 읽었습니다. DOI·제목·서지·25쪽 표기를 대조한 게재본입니다. 본문/표/캡션을 읽은 페이지는 1–4, 6, 8–9, 14, 16, 18, 20–21쪽이며, 10·12·15쪽은 절 제목 위치만 확인했습니다. 참고문헌 22–25쪽은 지정 인용 항목을 식별하기 위해 확인했습니다. 본문 전부·그림 패널·인용 원저 전수를 읽었다는 뜻은 아닙니다. 이 리뷰의 별도 SI를 확보하거나 읽지 않았습니다. 현재 PDF 텍스트에서 Supporting Information/Supplementary 표기를 찾지 못했지만 SI 부재의 증명으로 해석하지 않습니다. 인용된 장치 원저의 SI도 읽지 않았습니다.","Read the institutional PDF physically stored on this MacBook, checking DOI, title, bibliographic footer and 25-page pagination. Read text/tables/caption on PDF pages 1–4, 6, 8–9, 14, 16, 18 and 20–21; inspected pages 10, 12 and 15 only to locate section headings. Checked selected bibliography entries on pages 22–25. This does not claim a complete main-text, visual-panel, or cited-original audit. No separate supplement for this review was obtained or read. No Supporting Information/Supplementary marker was found in this PDF text; that is not proof that no supplement exists. Supplements to cited device studies were not read.",10.1038/s41551-021-00802-0,"정정문과 공개 초록·캡션을 확인했습니다. 수정 패널·원저 전체·SI·반복 실험 원자료는 미검토입니다. 저자의 결론 불변 진술을 효능 검증으로 취급하지 않으며, 나머지 원저의 표본 수·용량·통계와 장기·임상 근거도 검증하지 않았습니다.","The correction notice, public abstract and caption were checked. Corrected panels, the full original, supplements and repeated-experiment raw data remain unreviewed. The authors’ unchanged-conclusion statement is not an independent efficacy check; sample sizes, doses, statistics and long-term or clinical evidence in other originals also remain unaudited.",ko/papers/058.html,en/papers/058.html
57,2020,Antibacterial infection and immune-evasive coating for orthopedic implants,Antibacterial Infection and Immune-evasive Coating for Orthopedic Implants,10.1126/sciadv.abb0025,host,immune-response,,False,full_text,full_text,verified_metadata,"정형외과 고정물에 윤활 계면을 형성해 세균 부착, 감염 관련 염증 및 골 치유를 함께 평가한다. 장치 표면에 대한 생물학적 반응을 다루므로 숙주 상호작용에 배치했다.","A lubricated interface on orthopedic fixation hardware is evaluated for bacterial attachment, infection-related inflammation and bone healing. Device-surface biological responses place it within host interaction.","공개 PMC 본문의 Results, Figures 3–6, 향후 감염 모델·골형성 세포 연구를 포함한 Discussion 및 Materials and Methods를 읽었습니다. 추가 본문 확인은 Figures 5C–G와 6B–F에 대응하는 결과 문단, 사전 배양 모델과 무코팅 음성·양성 대조군입니다. 뼈 관찰은 정성적으로 요약했으며, 출처 후반 문장의 무코팅 양성·음성 대조군 표기가 일관되지 않은 부분은 채택하지 않았습니다. 추가 확인은 보충자료(SI) 읽기를 뜻하지 않습니다.","Public PMC body: Results, Figures 3–6; Discussion including future infection model/osteogenic-cell work; Materials and Methods. Additional targeted main-text reading in this pass: Results, paragraphs accompanying Figs. 5C–G and 6B–F; preincubation model and bare-negative/positive controls. Bone observations are summarized qualitatively; inconsistent bare-positive/negative wording in late source sentences is not adopted. This additional reading refers to main text, not supplementary information.",10.1038/nature10447,SI는 읽지 않았으며 최신 출판사 판본의 직접 대조는 남아 있습니다. 윤활액 잔존 정량·동물 배정 세부·이식 후 감염 결과를 추가 검증 없이 주장하지 않습니다.,"SI was not read, and direct comparison with the current publisher version remains pending. Lubricant-retention quantities, animal-allocation details and postimplant-infection outcomes require further verification.",ko/papers/057.html,en/papers/057.html
56,2020,Lubricant-infused directly engraved nano-microstructures for mechanically durable endoscope lens with anti-biofouling and anti-fogging properties,Lubricant Infused Directly Engraved Nanostructures for Mechanically Durable Endoscope Lens with Anti-biofouling and Anti-fogging properties,10.1038/s41598-020-74517-8,host,antifouling-lubrication,integration,False,full_text,full_text,mismatch,공개 본문에서 렌즈의 혈액·단백질 오염과 윤활 유지·재처리를 다뤄 장치 환경 표면 상호작용에 직접 해당한다.,Public text directly addresses lens blood/protein fouling and lubricant maintenance/reprocessing.,"Europe PMC XML의 Results and discussion에서 구조·설계, 광학, 혈액·김서림, 테이프 박리·마모, 고압증기 멸균·재윤활 시험을 읽었습니다. 추가로 Figure 1a의 윤활액 선택, Figure 3의 마모·멸균 문단, 명시된 재윤활 조건과 입자 기반 코팅 비교를 확인했습니다. 본문이 인용한 SI는 별도로 읽지 않았습니다. 승인 검토에서는 Figure 3의 테이프 박리에서 입자 기반 코팅과 직접 비교한 부분, LIDENS 자체의 마모 전후 평가, 매회 재윤활을 포함한 고압증기 멸균 시험을 구분했습니다.","Europe PMC XML Results and discussion: structure/design, optics, blood/fogging, tape-peel/abrasion and autoclave/relubrication tests. Additional targeted main-text reading in this pass: Results and discussion, Fig. 1a lubricant choice; Fig. 3 abrasion and autoclave paragraphs, explicit relubrication and contrast with particle-based coating. SI referenced by body was not separately read. This additional reading refers to main text, not supplementary information. The approval review distinguished direct particle-based-coating comparison in tape peeling, before/after abrasion within LIDENS, and repeated autoclaving with relubrication.",10.1038/nature10447,"SI와 최신 출판사 판본의 직접 대조는 남아 있습니다. 본문의 멸균 시험에는 재윤활이 포함되며, 무보충 수명이나 임상 반복 사용 수명은 검증하지 않았습니다.",SI and direct comparison with the current publisher version remain unaudited. Main-text sterilization tests include relubrication and do not establish maintenance-free or clinical reuse life.,ko/papers/056.html,en/papers/056.html
55,2020,Recent Advances in Anti-inflammatory Strategies for Implantable Biosensors and Medical Implants,Recent Advances in Anti-inflammatory Strategies for Implantable Biosensors and Medical Implants,10.1007/s13206-020-4105-7,host,immune-response,,False,abstract,full_text,verified_metadata,초록이 이물 반응과 이를 줄이는 연성·약물·생체모사 전략을 직접 분류한다.,"The abstract directly categorizes foreign-body-response mitigation through softness, drugs and biomimetic surfaces.","공식 Springer HTML에서 Introduction, FBR, Materials and Mechanics(연성·코팅·패턴), Drug Delivery(약물·운반체·액추에이터), Biomimetic Surface, Conclusion의 본문을 직접 읽었습니다. 그림 1–4의 캡션을 읽고 공식 PDF 1·6·7·11쪽(저널 48·53·54·58쪽)의 서지와 선정 문단을 교차 확인했습니다. 인용 원저의 실험·원자료와 그림 패널의 수치를 독립적으로 전수 검증하지 않았습니다. 보충자료를 읽지 않았습니다. 확인한 공개 페이지에서 별도 SI 파일 링크를 식별하지 못했으며, 이것이 SI가 없다는 뜻은 아닙니다.","Read the official Springer HTML Introduction, foreign-body response, Materials and Mechanics, Drug Delivery, Biomimetic Surface and Conclusion, including their subsections. Read captions for Figures 1–4 and crosschecked identity/selected passages on PDF pages 1, 6, 7 and 11 (journal pages 48, 53, 54 and 58). Cited original experiments, raw data and all figure-panel values were not independently audited. No supplementary file was read. No separate SI link was identified on the inspected public page; this does not establish that no SI exists.",10.1016/j.smim.2007.11.004,"인용 원저의 투여량·표본 수·이식 부위·관찰 기간·통계와 원자료는 별도 검토가 필요합니다. SI 존재 여부와 내용, 장기 성능·안전성 및 연구 간 성능 순위는 미확인입니다. 종설의 사례를 동일 조건의 직접 비교나 임상 검증으로 해석하지 않습니다.","Cited originals still require checking for dose, sample size, implantation site, observation period, statistics and raw data. SI availability/content, long-term performance and safety, and cross-study rankings remain unverified. The review examples are not matched head-to-head tests or clinical validation.",ko/papers/055.html,en/papers/055.html
54,2019,Biocompatible Carbon Nanotube-Based Hybrid Microfiber for Implantable Electrochemical Actuator and Flexible Electronic Applications,Biocompatible Carbon Nanotube-based Hybrid Microfiber for Implantable Electrochemical Acutator and Flexible Electronic Applications,10.1021/acsami.9b02927,host,biological-regulation,routing; integration,True,abstract,abstract,verified_metadata,초록의 HA 가교·CNT 유출 제어와 피하 이식 반응을 반영해 host로 제안한다. 구동 재료 안정성에서 숙주 반응으로의 확장 분류는 불확실성을 유지한다.,"The abstract supports host placement through HA crosslinking, CNT retention and subcutaneous responses; extending actuator-material stability to host interaction retains ambiguity.",Europe PMC의 PubMed 초록을 DOI와 대조해 읽었다. 출판사 직접·PMC 본문은 확보하지 못했다.,The DOI-matched PubMed abstract was read via Europe PMC; publisher/PMC full text was unavailable.,10.1126/science.284.5418.1340,"PubMed 웹 조회에서 초록 텍스트를 받지 못했고 PMC6660641 웹은 CAPTCHA, 공개 XML은 HTTP 500이었다. 학교 Chrome에서 전극 조건·가교와 장기 잔류를 검증한다.","PubMed web retrieval returned no abstract text; PMC6660641 returned CAPTCHA and XML HTTP 500. Verify electrodes, crosslinking and long-term retention in school Chrome.",ko/papers/054.html,en/papers/054.html
53,2019,Flexible and Stretchable PEDOT‐Embedded Hybrid Substrates for Bioengineering and Sensory Applications,Flexible and Stretchable PEDOT-embedded Hybrid Substrates for Bioengineering and Sensory Applications,10.1002/cnma.201900146,routing,deformable-substrates,tissue; host,True,full_text,full_text,verified_metadata,전도 네트워크가 삽입된 연성 기판이므로 routing을 유지한다. 별도 기판–배선 접합부보다 일체형 매트이며 세포 지지까지 확장되어 불확실성을 표시한다.,"Routing remains relevant to the conductive soft substrate, but a monolithic mat with cell support extends beyond a discrete substrate–interconnect junction.",DOI가 일치하는 로컬 출판사 PDF의 세포 평가와 결론을 읽었다. Crossref·공개 API 초록도 대조했다.,Cell-evaluation and Conclusion sections of a DOI-matched local publisher PDF were read; registry/API abstracts were cross-checked.,10.1038/nnano.2012.206,출판사 직접 URL은 도구 오류였다. 학교 Chrome에서 최신 판본·보충자료·재사용 권리를 대조한다.,"Publisher retrieval failed. Check the current version, supplements and reuse rights in school Chrome.",ko/papers/053.html,en/papers/053.html
52,2019,Cardiac Fibrotic Remodeling on a Chip with Dynamic Mechanical Stimulation,Cardiac fibrotic remodeling on a chip with dynamic mechanical stimulation,10.1002/adhm.201801146,tissue,foundations,host,True,abstract,abstract,verified_metadata,GelMA 내 심장 섬유아세포의 압축 반응을 다룬 조직 역학 기초 연구다. 시험관 내 섬유화 모델을 이식 장치의 숙주 반응과 구분한다.,Foundational tissue mechanics: compression of cardiac fibroblasts in GelMA. The in-vitro fibrosis model is distinct from an implanted-device host response.,출판사 실제 초록과 Crossref 등록 초록을 읽었다. 본문·보충자료는 미검토다.,Publisher and registered abstracts were read; main text and supplements remain unchecked.,10.7554/elife.22847,학교 Chrome에서 하중 교정·생물학적 반복수와 보충자료를 확인한다.,"Verify loading calibration, biological replicates and supplements in school Chrome.",ko/papers/052.html,en/papers/052.html
51,2019,Nonfluorinated Superomniphobic Surfaces through Shape-Tunable Mushroom-like Polymeric Micropillar Arrays,Nonfluorinated superomniphobic surfaces through shape-tunable mushroom-like polymeric micropillar arrays,10.1021/acsami.8b17181,host,foundations,,True,abstract,full_text,verified_metadata,실제 초록은 비불소 재진입 형상의 액체 반발을 보이지만 생체 오염·숙주 반응은 확인하지 않는다.,"The abstract establishes nonfluorinated re-entrant repellency, not biofouling or host-response outcomes.","기관 공개 최종 게재 PDF 8쪽 전체의 텍스트를 읽었습니다. 과학 내용은 저널 5484–5490쪽의 초록·서론·Materials and Methods·Results and Discussion·Conclusions이며, Figure 2–4가 있는 PDF 3·4·6쪽 원페이지 렌더를 대조했습니다. 기존의 PDF 1·7쪽 저자·교신 확인과 이번 과학 본문 읽기를 구분합니다. 5490–5491쪽 참고문헌은 목록만 확인했으며 인용 원저 전수 검증은 하지 않았습니다. ACS Figshare의 DOI 일치 공식 보충 PDF am8b17181_si_001.pdf, 공개 레코드 7549904 version 2, S-1–S-9 전체 텍스트와 식·Table S1–S2를 읽고 Figure S1–S10의 원페이지 렌더(S-4–S-9)를 대조했습니다. 별도 Movie S1·S2는 공개 목록과 PDF 안의 정지화면·설명만 확인했으며 동영상 파일을 내려받거나 재생하지 않았습니다. 원자료·반복별 데이터 재분석은 하지 않았습니다.","Read the text of all eight pages of the institution-hosted final published PDF, including Abstract, Introduction, Materials and Methods, Results and Discussion and Conclusions on journal pages 5484–5490. Visually checked original-page renders containing Figures 2–4 on PDF pages 3, 4 and 6. This scientific reading is distinct from the earlier author/correspondence-only reading on PDF pages 1 and 7. The reference list on pages 5490–5491 was read without independently auditing all cited studies. Read all text, equations and Tables S1–S2 in the DOI-matched official ACS Figshare supplementary PDF am8b17181_si_001.pdf, record 7549904 version 2, pages S-1–S-9. Visually checked the original-page renders of Figures S1–S10 on S-4–S-9. Separate Movies S1 and S2 were identified in the public listing; only their stills and descriptions in the PDF were read. The video files were not downloaded or played, and raw replicate data were not reanalysed.",10.1038/nature10447,"별도 Movie S1·S2의 연속 시간 기록은 미검토입니다. 반복 신장의 진폭·속도, 굽힘 반경·비틀림각, 반복 수 n과 오차막대 정의는 읽은 본문·보충 PDF에서 명시적으로 확인하지 못했습니다. 본문 약 85.7 Pa와 근사 반지름·표면장력의 수치 일치, 본문의 1,000회 초과 표현과 Figure 4c의 1,000회 축 범위를 추가 원자료·방법 설명에서 확인해야 합니다. 정량 마모·마찰 시험, 항응고·용혈·세포독성·생체 내 시험은 읽은 자료에서 확인되지 않았습니다.","Continuous records in Movies S1 and S2 remain unread. The inspected paper and supplementary PDF did not explicitly establish cyclic strain amplitude/rate, bend radius/twist angle, replicate n or error-bar definitions. Further source and methods review should check the approximate 85.7 Pa result against the rounded radius/surface tension and distinguish the prose claim of more than 1,000 cycles from Figure 4c’s axis ending at 1,000. Quantified abrasion/rubbing, coagulation, haemolysis, cytotoxicity and in vivo tests were not identified in the inspected material.",ko/papers/051.html,en/papers/051.html
50,2019,Recent Advances in High-throughput Platforms with Engineered Biomaterial Microarrays for Screening of Cell and Tissue Behavior,Recent advances in high-throughput platforms with engineered biomaterial microarrays for screening of cell and tissue behavior,10.2174/1381612825666190207093438,tissue,foundations,host,True,abstract,abstract,verified_metadata,세포–재료 고속 스크리닝의 기초 연구로 조직 계면에 연결한다. 시험관 내 평가를 이식 장치의 숙주 반응 입증과 구분한다.,Foundational cell–material screening relates to the tissue interface. In-vitro assays do not establish implanted-device host responses.,Crossref에 출판사가 등록한 초록과 Europe PMC 초록을 읽었다. 리뷰 본문은 미검토다.,Publisher-registered Crossref and Europe PMC abstracts were read; review text was not.,10.1038/nmat2812,출판사 링크 https://www.benthamscience.com/public/article/96469 는 서지·참고문헌 확인에 사용했다. 학교 Chrome에서 리뷰 본문과 플랫폼별 원저를 대조한다.,The Bentham article URL supplied metadata/references. Check the review text and platform-specific primary studies in school Chrome.,ko/papers/050.html,en/papers/050.html
49,2018,pH-Responsive DNA Nanolinker Conjugated Hybrid Materials for Electrochemical Microactuator and Biosensor Applications,pH-Responsive DNA nanolinker conjugated hybrid materials for electrochemical microactuator and biosensor applications,10.1021/acsanm.8b01429,integration,foundations,,True,registered_title,metadata,verified_metadata,자체 초록·본문을 확보하지 못해 등록 제목에 근거한 잠정 기초 분류를 유지한다. 숙주 관련 보조 분류를 뒷받침할 근거는 없다.,"Without an abstract or full text, the registered-title-based foundational placement remains provisional; a host secondary tag is unsupported.",Crossref 서지에는 초록이 없다. ACS DOI·초록 페이지에서 실제 초록을 확보하지 못했다.,Crossref has no abstract; ACS DOI/abstract pages did not return readable article text.,10.3390/nano8040226,ACS DOI 및 /doi/abs/ URL은 도구 오류였고 Europe PMC DOI 조회도 미수록이다. 학교 Chrome에서 초록·본문을 확보하기 전 자체 기전·성능 해설은 보류한다.,ACS DOI and /doi/abs/ URLs failed; Europe PMC returned no DOI record. Mechanistic/performance commentary awaits the school Chrome abstract and text.,ko/papers/049.html,en/papers/049.html
48,2018,Highly Conductive Fiber with Waterproof and Self-Cleaning Properties for Textile Electronics,A highly conductive fiber with waterproof and self-cleaning properties for textile electronics,10.1021/acsami.8b10217,routing,conductive-fibers,,False,abstract,full_text,verified_metadata,읽은 초록은 수분 노출에도 기능하는 Kevlar 복합 전도 인터커넥터를 직접 명시한다. 숙주 반응은 검증되지 않아 host 보조 분류를 제거한다.,The abstract explicitly describes moisture-resistant Kevlar composite interconnects; unverified host response does not justify a host secondary tag.,"저자 기관이 공개 링크한 출판사 PDF 1–7쪽에서 서론, 모든 실험 하위 절, 결과·고찰, 결론과 교신저자 표기를 읽었습니다. 참고문헌은 개별적으로 검증하지 않았습니다.","Publisher PDF publicly linked by the author institution; pages 1–7: introduction, all experimental subsections, results/discussion, conclusion, corresponding-author statement. References were not individually verified.",10.1038/nnano.2012.206,SI·개별 참고문헌·실제 재현 조건은 독립 검증하지 않았습니다. 본문 세탁·접힘 시험과 길이당 저항 결과를 착용 수명·피부 안전성·은 방출·보호층 장기 잔존으로 확대하지 않습니다.,"SI, individual references and practical reproduction conditions were not independently audited. Main-text washing/folding tests and length-normalized resistance do not establish garment life, skin safety, silver release or long-term coating retention.",ko/papers/048.html,en/papers/048.html
47,2018,Full length histone H3 conjugated electrochemical biosensor for extracellular proteolytic Cathepsin L activity detection,Full length Histone H3 conjugated electrochemical biosensor for extracellular proteolytic Cathepsin L activity detection,10.1016/j.snb.2018.04.040,integration,foundations,,True,registered_title,metadata,verified_metadata,등록 제목 이외 본문 근거가 없어 감지 소자를 배선–칩 통합으로 승격하지 않는다.,Registered metadata alone does not establish an interconnect–chip integration contribution.,Crossref 서지만 확보했다. 출판사 초록·본문은 읽지 못했으며 검색 스니펫은 해설 근거로 쓰지 않았다.,Only Crossref metadata was secured; publisher abstract/text and search snippets were not used for substantive commentary.,10.2116/analsci.31.73,DOI 및 ScienceDirect /science/article/pii/S0925400518307366 와 /abs/ 변형 URL 모두 도구 접근 오류였다. Europe PMC DOI 조회 미수록. 학교 Chrome에서 히스톤 절단·전기 신호·선택성의 실제 근거를 확인한다.,"DOI and ScienceDirect article/abs PII URLs returned tool errors; Europe PMC had no DOI match. School Chrome must verify histone cleavage, transduction and specificity evidence.",ko/papers/047.html,en/papers/047.html
46,2018,Highly Sensitive Multifilament Fiber Strain Sensors with Ultrabroad Sensing Range for Textile Electronics,Highly sensitive multifilament fiber strain sensors with ultra-broad sensing range for textile electronics,10.1021/acsnano.7b07795,routing,conductive-fibers,,False,abstract,abstract,verified_metadata,변형 중 섬유 전도 경로의 저항 변화가 직접 대상이다. 성능 수치는 인장 이력별로 분리해야 한다.,Resistance changes in deforming conductive fibers directly fit routing; performance depends on strain history.,"Crossref 서지와 Europe PMC 정규 초록을 확인했다. ACS 직접 페이지는 접근 실패, PubMed는 푸터만 반환했다.",Crossref metadata and Europe PMC abstract read. ACS retrieval failed; PubMed returned only a footer.,10.1038/nnano.2011.36,학교 Chrome에서 본문·보충자료와 정정문을 확인한다. 초록의 돼지 방광 시연은 임상 검증으로 해석하지 않는다.,"Verify body, supplements and correction in school Chrome. The pig-bladder demonstration is not clinical validation.",ko/papers/046.html,en/papers/046.html
45,2018,Interconnectable Dynamic Compression Bioreactors for Combinatorial Screening of Cell Mechanobiology in Three Dimensions,Interconnectable dynamic compression bioreactors for combinatorial screening of cell mechanobiology in three-dimensions,10.1021/acsami.7b17991,tissue,foundations,host,True,abstract,abstract,verified_metadata,세포–기질 역학의 기반 연구다. 3D 배양 압축을 생체 조직 접착이나 이식 소자의 호스트 반응으로 확장하지 않는다.,Cell–matrix mechanics is foundational; 3D culture compression does not establish tissue adhesion or implanted-device host response.,PubMed 초록과 선택된 그림 설명을 읽었다. 전체 본문·보충자료는 미검토다.,PubMed abstract and selected captions read; body and supplements unaudited.,10.1016/j.cell.2006.06.044,학교 Chrome에서 변형 보정·세포 수·통계와 보충자료를 확인한다.,"Check strain calibration, cell counts, statistics and supplements in school Chrome.",ko/papers/045.html,en/papers/045.html
44,2018,Electrically Driven Microengineered Bioinspired Soft Robots,Electrically driven microengineered bio-inspired soft robots,10.1002/adma.201704189,integration,sensing-actuation,tissue; routing,True,abstract,abstract,verified_metadata,전극·겔·생체 구동 요소의 조립은 기능 통합에 해당한다. BCCI의 좁은 interconnect–chip 접합을 직접 입증한 논문은 아니다.,"Electrode–gel–biological actuator assembly supports functional integration, but the narrow BCCI interconnect–chip junction is not directly established.",Wiley 직접 초록과 Crossref 등록 초록을 확인했다. 본문·보충자료는 읽지 않았다.,Direct Wiley abstract and Crossref-registered abstract checked; body and supplements unread.,10.1126/science.aaf4292,학교 Chrome에서 접합 구조·자극 설정·수명과 보충 동영상을 확인한다.,"Verify joints, stimulation settings, lifetime and supplementary videos in school Chrome.",ko/papers/044.html,en/papers/044.html
43,2018,Single-Droplet Multiplex Bioassay on a Robust and Stretchable Extreme Wetting Substrate through Vacuum-Based Droplet Manipulation,A single-droplet multiplex bioassay on a robust and stretchable extreme wetting substrate through vacuum based droplet manipulation,10.1021/acsnano.7b05826,tissue,analyte-transport,,True,abstract,full_text,verified_metadata,바이오 유체의 분석 지점 전달과 연결된다. 체외 액적 조작이며 조직–재료 계면의 직접 증거는 아니다.,Biofluid delivery to assay sites relates to analyte transport; ex vivo droplet handling does not directly establish tissue–material coupling.,"기관이 공개한 출판사 PDF 1–9쪽에서 서론, Results and Discussion 전체, 결론, Materials and Methods, 선정 그림 캡션과 저자 정보를 읽었습니다. 처음 추출에서 잘렸던 5–6쪽은 별도로 전체를 다시 읽었습니다. 개별 참고문헌은 독립적으로 대조하지 않았습니다.","Institution-hosted publisher PDF p.1–9: introduction, complete Results and Discussion, Conclusion, Materials and Methods, selected-figure captions and author information. The initially truncated p.5–6 extraction was read separately in full. Individual references were not independently checked.",10.1177/2211068216677204,"SI PDF는 HTTP 403, Figshare DOI 페이지는 본문 없는 HTTP 202로 SI·동영상을 읽지 못했습니다. 본문 plasma와 Methods sera 표기는 불일치하며, 장치 상세·증발·보관 안정성과 사람 대상 진단 타당성은 검증하지 않았습니다.","The SI PDF returned HTTP 403 and the Figshare DOI page returned HTTP 202 with an empty body; SI and movies were not viewed. Plasma/sera terminology remains inconsistent, and device details, evaporation, storage stability and human diagnostic validity remain unverified.",ko/papers/043.html,en/papers/043.html
42,2018,Chemical and Physical Pathways for Fabricating Flexible Superamphiphobic Surfaces with High Transparency,Chemical and physical pathways for the fabrication of flexible superamphiphobic surfaces with high transparency and its recent developments,10.3390/coatings8020047,host,foundations,,True,abstract,full_text,mismatch,비생물학적 액체 반발의 기반 리뷰다. 초양소성만으로 항오염·면역 반응 개선을 입증하지 않는다.,Foundational liquid-repellency review; superamphiphobicity alone does not prove antifouling or immune-response benefits.,"기관이 공개한 출판사 PDF 1–26쪽의 서론, 젖음 모델·전이, 세 가지 제작 경로 절 전체, 응용, 권고, 결론과 그림 캡션을 읽었습니다. Table 1도 확인했습니다. 26–32쪽 개별 참고문헌과 원저 데이터는 독립적으로 검증하지 않았습니다.","Institution-hosted publisher PDF p.1–26 read: Introduction, wetting models/transitions, all three fabrication-route sections, Applications, Recommendations, Conclusions and figure captions. Table 1 was read. Individual references p.26–32 and original-study data were not independently validated.",10.1126/science.1148326,개별 참고문헌과 원저 데이터를 독립 검증하지 않았습니다. 검토한 본문에서 별도 SI를 확인하지 못했으며 SI 열람이나 부재를 주장하지 않습니다. 원저 성능 순위·현재 규제·최신 상용화 수준은 이 종설로 판정하지 않습니다.,"Individual references and original-study data were not independently validated. No separate SI was identified in the reviewed main document; neither an SI read nor its absence is established. The review does not establish performance rankings, current regulation or present commercial readiness.",ko/papers/042.html,en/papers/042.html
41,2018,High-throughput approaches for screening and analysis of cell behaviors,High-throughput approaches for screening and analysis of cell behaviors,10.1016/j.biomaterials.2017.06.022,tissue,foundations,host,True,full_text,full_text,verified_metadata,세포–재료 상호작용의 스크리닝 기반 리뷰다. 본문에서 이식형 스크리닝은 미래 방향이며 실증 결과가 아니다.,"Foundational cell–material screening review; implantable screening is a future direction in the text, not a demonstrated result.",PMC 공개 저자 원고의 초록·도입·선택된 분석 절·결론을 읽었다. 출판사 최종본 전체 대조는 미완료다.,"PMC author manuscript abstract, introduction, selected analytical sections and conclusions read; final publisher version not fully reconciled.",10.1038/nbt981,학교 Chrome에서 최종 출판본과 특정 비교에 사용할 원 논문의 방법·통계를 대조한다.,Reconcile the final version and methods/statistics of primary studies used for comparisons in school Chrome.,ko/papers/041.html,en/papers/041.html
40,2018,Hybrid functional microfibers for textile electronics and biosensors,Hybrid functional microfibers for textile electronics and biosensors,10.1088/1674-4926/39/1/011009,routing,conductive-fibers,tissue,True,abstract,abstract,verified_metadata,전도성 섬유를 포함하지만 약물 전달·조직 제작까지 포괄하는 리뷰다. 전 범위를 전기 배선으로 간주하지 않는다.,"Conductive fibers support routing, but the review also covers delivery and tissue fabrication; its entire scope is not electrical routing.",Journal of Semiconductors 출판사 초록을 읽었다. 페이지의 참고문헌을 본문 전체로 취급하지 않는다.,Journal of Semiconductors publisher abstract read; references on the page are not treated as full body access.,10.1038/nnano.2011.36,학교 Chrome에서 각 응용의 원 논문과 내구성·생체 평가 방법을 확인한다.,Check primary studies and durability/biological assessment methods for each application in school Chrome.,ko/papers/040.html,en/papers/040.html
39,2017,Electroconductive nanoscale topography for enhanced neuronal differentiation and electrophysiological maturation of human neural stem cells,Electroconductive nanotopography for enhanced neuronal differentiation and electrophysiological maturation of human neural stem cells,10.1039/c7nr05446g,tissue,foundations,host,True,abstract,abstract,verified_metadata,세포–재료 지형 기반 분화 연구다. 조직 결합이나 만성 이식 반응을 직접 평가한 것으로 해석하지 않는다.,Foundational cell–material topography/differentiation study; it does not directly establish tissue bonding or chronic implant response.,RSC 직접 정규 초록을 읽었다. Crossref의 한 문장 그래픽 요약은 정규 초록으로 계산하지 않았다.,Direct RSC abstract read; Crossref’s one-sentence graphical summary was not counted as a full abstract.,10.1002/adma.201101503,학교 Chrome에서 저해제 실험·전기생리 방법·보충자료를 확인한다. 칼슘 채널 설명을 확정 인과로 쓰지 않는다.,"Check inhibitor experiments, electrophysiology and supplements in school Chrome; do not treat the calcium-channel explanation as established causality.",ko/papers/039.html,en/papers/039.html
38,2017,Spatially and temporally controlled hydrogels for tissue engineering,Spatially and temporally controlled hydrogels for tissue engineering,10.1016/j.mser.2017.07.001,tissue,repair-biofabrication,,True,abstract,abstract,verified_metadata,조직 제작용 재료 제어의 확장 분류다. 리뷰 전체가 실제 조직 접촉 계면을 입증한 것은 아니다.,An extended tissue-fabrication grouping; the whole review does not establish direct tissue-contact interface performance.,"Europe PMC 정규 초록을 읽었다. Elsevier는 403, PMC는 브라우저 확인 화면으로 본문을 읽지 못했다.","Europe PMC abstract read. Elsevier returned 403; PMC showed a browser-check screen, so body was not read.",10.1126/science.1169494,학교 Chrome에서 각 시공간 제어 기법의 원 논문·광독성·분해 생성물 평가를 확인한다.,"Check primary methods, phototoxicity and degradation-product assessment in school Chrome.",ko/papers/038.html,en/papers/038.html
37,2017,Evolution and clinical translation of drug delivery nanomaterials,Evolution and clinical translation of drug delivery nanomaterials,10.1016/j.nantod.2017.06.008,host,foundations,,True,abstract,abstract,verified_metadata,생체 분포·분해·독성의 기반 리뷰로 호스트 상호작용과 관련된다. BCCI의 이식 장치–호스트 계면과는 범위가 다르다.,"Biodistribution, degradation and toxicity relate to host interaction, but differ from the BCCI implanted-device/host interface.",Europe PMC 정규 초록을 읽었다. 직접 Elsevier·PubMed·PMC 요청으로 본문은 확보하지 못했다.,"Europe PMC abstract read; direct Elsevier, PubMed and PMC attempts did not provide body text.",10.1038/natrevmats.2016.14,학교 Chrome에서 본문의 개별 임상·허가 근거를 확인한다. 2017년의 서술을 현재 허가 상태로 표시하지 않는다.,Check original clinical/regulatory references in school Chrome. Do not present 2017 statements as current approval status.,ko/papers/037.html,en/papers/037.html
36,2017,Bioinspired Geometry‐Switchable Janus Nanofibers for Eye‐Readable H2 Sensors,Bioinspired geometry-switchable Janus nanofibers for eye-readable H2 sensors,10.1002/adfm.201701618,integration,foundations,,True,abstract,abstract,verified_metadata,비생체 광학 가스 센서의 기반 연구다. 센싱 기능만으로 칩 연결·부품 접합을 입증했다고 분류하지 않는다.,Foundational nonbiological optical gas sensor; sensing performance alone does not establish chip connections or component joining.,Wiley 직접 초록과 Crossref 등록 초록을 읽었다. 센서 동작의 상세 본문은 미검토다.,Direct Wiley and Crossref-registered abstracts read; detailed sensor body unaudited.,10.1038/nmat3029,학교 Chrome에서 선택성·반복성·광학 판독의 방법과 보충자료를 확인한다.,"Verify selectivity, repeatability, optical-readout methods and supplements in school Chrome.",ko/papers/036.html,en/papers/036.html
35,2017,Bioprinted 3D vascularized tissue model for drug toxicity analysis,Bioprinted 3D vascularized tissue model for drug toxicity analysis,10.1063/1.4994708,tissue,foundations,host,True,abstract,abstract,verified_metadata,내피 장벽과 간세포의 상호작용을 다룬 체외 간 독성 모델의 기초 연구다. 조직 복구나 이식 기기–숙주 반응의 직접 입증과 구분한다.,Foundational in-vitro liver-toxicity modeling of endothelial barriers and hepatocyte interactions. It does not directly establish tissue repair or implanted-device host responses.,AIP 공개 페이지의 초록과 Crossref 등록 초록을 읽었다. 긴 참고문헌 목록을 본문 접근으로 계산하지 않았다.,AIP landing-page abstract and Crossref abstract read; its long reference list was not counted as body access.,10.1038/nmat3357,학교 Chrome에서 독성 약물·농도·관류 조건·세포 수와 보충자료를 확인한다.,"Verify toxicant identity/dose, perfusion conditions, cell counts and supplements in school Chrome.",ko/papers/035.html,en/papers/035.html
34,2017,A Droplet‐Based High‐Throughput SERS Platform on a Droplet‐Guiding‐Track‐Engraved Superhydrophobic Substrate,A droplet-based high-throughput SERS platform on a droplet guiding track engraved superhydrophobic substrate,10.1002/smll.201602865,tissue,foundations,,True,abstract,abstract,verified_metadata,분석물 전달의 기반 기법이지만 초록의 시연은 염료다. 조직·바이오 유체 전달을 직접 실증했다고 보지 않는다.,"Foundational analyte delivery; the abstract demonstrates dyes, not direct tissue/biofluid transport.",Wiley 직접 초록과 Crossref 등록 초록을 읽었다. 제작 최적화의 상세 본문은 미검토다.,Direct Wiley and Crossref-registered abstracts read; detailed fabrication optimization unaudited.,10.1038/nphoton.2011.222,학교 Chrome에서 증강 계수 정의·액적 교차 오염·재현성 시험을 확인한다.,"Verify enhancement-factor definitions, droplet carryover and reproducibility tests in school Chrome.",ko/papers/034.html,en/papers/034.html
33,2016,Triboelectric Nanogenerator Accelerates Highly Efficient Nonviral Direct Conversion and In Vivo Reprogramming of Fibroblasts to Functional Neuronal Cells,Triboelectric nanogenerator accelerates highly efficient nonviral direct conversion and in vivo reprogramming of fibroblasts to functional neuronal cells,10.1002/adma.201601900,host,biological-regulation,tissue,True,abstract,abstract,verified_metadata,장치 자극에 따른 세포 전환의 확장 분류다. 그래픽 초록만으로 이식 호스트 반응·치료 결과를 확정할 수 없다.,Extended biological regulation through device stimulation; the graphical abstract cannot establish implant-host response or therapeutic outcomes.,Wiley Graphical Abstract의 텍스트만 읽었다. 정규 본문·구체적인 생체 내 실험 조건은 미검토다.,Only Wiley Graphical Abstract text was read; body and specific in vivo experimental conditions were not audited.,10.1038/nature08797,학교 Chrome에서 비바이러스 전달 방법·생체 내 모델·대조군을 확인한다. 제목의 in vivo를 치료 효능으로 확대하지 않는다.,"Verify nonviral delivery, in vivo model and controls in school Chrome; do not expand the title into therapeutic efficacy.",ko/papers/033.html,en/papers/033.html
32,2016,Graphene Oxide Hierarchical Patterns for the Derivation of Electrophysiologically Functional Neuron-like Cells from Human Neural Stem Cells,Graphene oxide hierarchical patterns for derivation of electrophysiologically functional neuron-like cells from human neural stem cells,10.1021/acsami.6b01804,tissue,foundations,host,True,abstract,abstract,verified_metadata,세포 배양 기판의 분화 기반 연구다. 기능성 세포 생성이 곧 환자 치료나 조직 접착을 뜻하지 않는다.,Foundational differentiation on culture substrates; functional cell generation is not patient therapy or tissue adhesion.,Europe PMC 정규 초록을 읽었다. ACS는 접근 실패했고 PubMed는 푸터만 반환했다.,Europe PMC abstract read; ACS retrieval failed and PubMed returned only a footer.,10.1002/adma.201101503,학교 Chrome에서 패턴 대조군·FAK/paxillin 신호·전기생리 방법과 보충자료를 확인한다.,"Verify pattern controls, FAK/paxillin signalling, electrophysiological methods and supplements in school Chrome.",ko/papers/032.html,en/papers/032.html
31,2016,A facile method for the selective decoration of graphene defects based on a galvanic displacement reaction,A facile method for selective healing of graphene defects based on galvanic displacement reaction,10.1038/am.2016.42,routing,foundations,,True,full_text,full_text,mismatch,선택적 Pd 장식으로 그래핀 전도와 PET 히터를 개선한 공개 본문을 확인했다. 변형 중 배선 수명·연결 계면은 검토 범위에 없어 routing의 기초 분류를 유지한다.,"The body supports Pd-selective decoration, conduction and a PET heater; deformable-routing lifetime and connection interfaces remain outside the checked evidence. Retain routing foundations.",출판사 초록과 공개 본문의 선택적 증착·시트저항·히터 및 방법 절을 읽었다. 보충자료는 미검토다.,"Publisher abstract and selected deposition, resistance, heater and methods sections were read; supplements remain unchecked.",10.1038/ncomms5781,학교 Chrome에서 보충자료와 원본 목록의 healing/정식 decoration 차이를 대조한다.,Reconcile supplements and the original healing/canonical decoration title discrepancy in school Chrome.,ko/papers/031.html,en/papers/031.html
30,2016,Bio-Inspired Extreme Wetting Surfaces for Biomedical Applications,Bio-inspired extreme wetting surfaces for biomedical applications,10.3390/ma9020116,host,foundations,tissue,True,abstract,abstract,verified_metadata,초록이 극한 젖음의 표면 화학·구조와 생의학 응용을 묶는 리뷰임을 확인했다. 특정 장치–숙주 반응 실증으로 확대하지 않고 host 기초 분류를 유지한다.,"The abstract connects wetting chemistry/structure with biomedical applications, but does not establish a specific device–host response. Retain host foundations.",Crossref 등록 초록과 Europe PMC의 PubMed 초록을 읽었다. 리뷰 본문은 미검토다.,Crossref and Europe PMC/PubMed abstracts were read; the review body was not.,10.1038/nature10447,학교 Chrome에서 리뷰의 사례별 생체 시험과 인용 원문을 확인한다.,Check application-specific biological tests and cited originals in school Chrome.,ko/papers/030.html,en/papers/030.html
29,2015,Highly Stable Surface‐Enhanced Raman Spectroscopy Substrates Using Few‐Layer Graphene on Silver Nanoparticles,Highly stable surface-enhanced Raman spectroscopy substrates using few layer graphene on silver nanoparticles,10.1155/2015/975043,integration,foundations,,True,full_text,full_text,verified_metadata,공개 본문에서 SERS 입자 보호층과 분석 측정 구조를 확인했다. 칩–연성 배선 접합은 다루지 않아 integration의 분석 부품 기초 자료로 유지한다.,"Checked sections support protective SERS shells and analytical measurements, not chip–soft-interconnect bonding. Retain integration foundations.","등록 초록, 출판사 초록과 공개 본문의 도입·제조·SERS 측정 절을 읽었다.","Registered/publisher abstracts and selected introduction, fabrication and SERS methods were read.",10.1038/nature08907,학교 Chrome에서 보관·반복 측정 자료와 그림별 권리를 확인한다.,"Check storage, repeated-measurement evidence and figure rights in school Chrome.",ko/papers/029.html,en/papers/029.html
28,2015,The impact of atomic layer deposited SiO 2 passivation for high-k Ta 1−x Zr x O on the InP substrate,The impact of atomic layer deposited SiO2 passivation for high-k Ta1-xZrxO on InP substrate,10.1039/c5tc01890k,integration,foundations,,True,abstract,abstract,verified_metadata,1문장 등록 요약은 InP MOS 유전체·패시베이션 적층만 확인한다. 네 BCCI 계면의 직접 검증으로 보지 않고 반도체 소자 기초로 유지한다.,"The one-sentence registered summary supports only an InP MOS dielectric/passivation stack, not direct verification of a BCCI interface. Retain semiconductor foundations.",Crossref의 1문장 등록 요약만 읽었다. RSC 페이지는 403으로 전체 초록과 본문을 확인하지 못했다.,"Only Crossref’s one-sentence registered summary was read; RSC returned 403, preventing complete abstract/body review.",10.3390/ma7042913,학교 Chrome에서 전체 초록·본문의 전기 특성과 계면 분석을 우선 확인한다.,"Prioritize the complete abstract, electrical results and interface analysis in school Chrome.",ko/papers/028.html,en/papers/028.html
27,2015,"Textile-Based Electronic Components for Energy Applications: Principles, Problems, and Perspective","Textile-based electronic components for energy applications: principles, problems, and perspective",10.3390/nano5031493,integration,foundations,routing,True,abstract,abstract,verified_metadata,초록에서 직물 전자 부품과 에너지 수확·저장 리뷰 범위를 확인했다. 칩–배선 통합을 특정하지 않으므로 integration 기초와 routing 보조 연결을 유지한다.,The abstract covers textile components and energy harvesting/storage without specifying chip–interconnect integration. Retain integration foundations with secondary routing.,Crossref 등록 초록과 Europe PMC의 PubMed 초록을 읽었다. 리뷰 본문은 미검토다.,Crossref and Europe PMC/PubMed abstracts were read; the review body remains unchecked.,10.1038/nnano.2012.206,학교 Chrome에서 리뷰의 에너지 지표와 인용 소자별 시험 조건을 대조한다.,Reconcile energy metrics and cited device conditions in school Chrome.,ko/papers/027.html,en/papers/027.html
26,2015,Proton irradiation energy dependence of defect formation in graphene,Proton irradiation energy dependence of defect formation in graphene,10.1016/j.apsusc.2015.03.107,routing,foundations,,True,full_text,full_text,verified_metadata,공개 PDF의 Raman·전기 측정은 조사 에너지에 따른 그래핀 결함 연구를 뒷받침한다. 변형 배선 계면 실증은 아니므로 routing 재료 기초로 유지한다.,"Public PDF Raman/electrical results support energy-dependent graphene-defect research, not a deformable-routing interface demonstration. Retain routing materials foundations.",출판사 조회 실패 후 저자 기관 PDF의 초록과 Raman·전기 특성·에너지 전달 해석을 읽었다.,"After publisher retrieval failed, the author-hosted abstract and Raman, electrical and energy-transfer sections were read.",10.1063/1.3647781,"학교 Chrome에서 전기 변화의 기판 효과와 결함 해석, 원본 도표 권리를 대조한다.","Check substrate contributions, defect interpretation and original-figure rights in school Chrome.",ko/papers/026.html,en/papers/026.html
25,2015,Reversible Liquid Adhesion Switching of Superamphiphobic Pd-Decorated Ag Dendrites via Gas-Induced Structural Changes,Reversible liquid adhesion switching of superamphiphobic Pd-decorated Ag dendrites via gas-induced structural changes,10.1021/acs.chemmater.5b01038,host,foundations,,True,full_text,full_text,verified_metadata,공개 PDF에서 여러 액체의 기체 구동 부착 전환을 확인했다. 생물학적 숙주 반응은 검증하지 않으므로 host 계면 제어의 기초 분류를 유지한다.,"The public PDF supports gas-driven adhesion switching for several liquids, without biological host-response evidence. Retain host interface-control foundations.",ACS 조회 실패 후 저자 기관 PDF의 초록·도입과 젖음·접착 전환 결과를 읽었다. 보충자료는 미검토다.,"After ACS retrieval failed, the author-hosted abstract, introduction and wetting/switching results were read; supplements remain unchecked.",10.1038/nature10447,학교 Chrome에서 보충 영상·반복 전환·표면 수명 자료와 재사용 권리를 확인한다.,"Check supplementary videos, cycling, surface lifetime and reuse rights in school Chrome.",ko/papers/025.html,en/papers/025.html
24,2015,Path-programmable water droplet manipulations on an adhesion controlled superhydrophobic surface,Path-programmable water droplet manipulations on adhesion controlled superhydrophobic surfaces,10.1038/srep12326,integration,foundations,host,True,abstract,abstract,verified_metadata,초록에서 액적 조작과 SERS·세포 전달 응용을 확인했다. 물방울 접착은 조직 접착과 다르며 칩–배선 접합 실증도 아니므로 integration 기초로 유지한다.,"The abstract supports droplet manipulation, SERS and cellular delivery; droplet adhesion is not tissue adhesion or chip–interconnect joining. Retain integration foundations.",Crossref 등록 초록과 Europe PMC의 PubMed 초록을 읽었다. 본문·보충자료는 미검토다.,Crossref and Europe PMC/PubMed abstracts were read; body and supplements remain unchecked.,10.1038/nature10447,학교 Chrome에서 액적 제어 반복성과 세포·SERS 대조 실험을 확인한다.,Check droplet repeatability and cellular/SERS controls in school Chrome.,ko/papers/024.html,en/papers/024.html
23,2015,Efficient Direct Reduction of Graphene Oxide by Silicon Substrate,Efficient direct reduction of graphene oxide by silicon substrate,10.1038/srep12306,routing,foundations,,True,abstract,abstract,verified_metadata,등록 초록과 PubMed 초록에서 실리콘 기반 GO 환원·막 형성을 확인했다. 전도체 제조의 기반이며 변형 배선 부착은 입증되지 않아 routing 기초로 유지한다.,"The abstracts support silicon-based GO reduction and film formation, not deformable-interconnect attachment. Retain routing foundations.",Crossref 등록 초록과 Europe PMC의 PubMed 초록을 읽었다. 상세 반응·분석 본문은 미검토다.,Crossref and Europe PMC/PubMed abstracts were read; detailed reaction/characterization sections remain unchecked.,10.1038/nnano.2008.83,"학교 Chrome에서 환원 증거, 전기 측정과 대면적 균일성 자료를 확인한다.","Check reduction evidence, electrical measurements and large-area uniformity in school Chrome.",ko/papers/023.html,en/papers/023.html
22,2015,Counterbalanced Effect of Surface Trap and Auger Recombination on the Transverse Terahertz Carrier Dynamics in Silicon Nanowires,Counterbalanced effect of surface trap and Auger recombination on the transverse terahertz carrier dynamics in silicon nanowires,10.1109/tthz.2015.2428619,integration,foundations,,True,full_text,full_text,verified_metadata,공개 PDF에서 Si 나노와이어의 표면 트랩·Auger 운반자 동역학을 확인했다. 소자 물리의 기반으로서 integration 기초에 두며 부품 조립 실증으로 표현하지 않는다.,"The public PDF supports surface-trap/Auger carrier dynamics in Si nanowires. This is device-physics groundwork, not a component-assembly demonstration.",IEEE 조회 실패 후 저자 기관 공개 PDF의 초록·도입·선택 동역학 해석을 읽었다.,"After IEEE retrieval failed, the author-hosted PDF abstract, introduction and selected dynamics analysis were read.",10.1021/nl400265b,"학교 Chrome에서 식·도표의 추출 오류와 피팅 가정, 보충자료를 대조한다.","Reconcile extracted equations/plots, fitting assumptions and supplements in school Chrome.",ko/papers/022.html,en/papers/022.html
21,2015,Ag Nanowire Reinforced Highly Stretchable Conductive Fibers for Wearable Electronics,Ag nanowire reinforced highly stretchable conductive fibers for wearable electronics,10.1002/adfm.201500628,routing,conductive-fibers,,False,abstract,abstract,verified_metadata,은 나노와이어로 보강한 신축 전도성 섬유의 전기 전달을 다룬다. 초록에서 확인한 착용형 전자소자 방향을 근거로 변형 가능한 전기 배선의 전도성 섬유에 배치했다.,Silver-nanowire reinforcement supports electrical transport in stretchable conductive fibers. The abstract’s wearable-electronics focus supports placement under conductive fibers in deformable electrical routing.,출판사 서지·초록을 확인했다. 본문·보충자료의 반복 시험과 정량 계산은 미검토다.,Publisher metadata and abstract were checked; cyclic tests and quantitative calculations in the main text/supplements remain unaudited.,10.1038/nnano.2012.206,"학교 Chrome에서 본문·보충자료의 변형률 정의, 반복 시험과 전도도 계산을 검증한다. 그림·원문은 재배포하지 않는다.","Verify strain definitions, cyclic tests and conductivity calculations in school Chrome. Figures and full text are not redistributed.",ko/papers/021.html,en/papers/021.html
20,2015,Conductive Fiber‐Based Ultrasensitive Textile Pressure Sensor for Wearable Electronics,Conductive fiber-based ultrasensitive textile pressure sensor for wearable electronics,10.1002/adma.201500009,routing,conductive-fibers,integration,True,abstract,abstract,verified_metadata,초록에서 코팅 전도 섬유와 직조형 압력 센서를 확인했다. 섬유 소재 축으로 routing에 두되 변형 불변 배선이 아닌 감지 요소라는 경계 때문에 모호성을 표시한다.,"The abstract supports coated conductive fibres and woven pressure sensing. Keep the conductive-fibre shelf, flagged because transduction does not establish strain-invariant routing.",출판사 graphical abstract의 텍스트와 Europe PMC의 PubMed 초록을 읽었다. 본문은 미검토다.,Publisher graphical-abstract text and the Europe PMC/PubMed abstract were read; the body was not.,10.1038/nnano.2012.206,학교 Chrome에서 감도 계산·부하 범위·반복시험과 신장 간섭을 확인한다.,"Check sensitivity calculations, loading range, cycling and strain interference in school Chrome.",ko/papers/020.html,en/papers/020.html
19,2015,A Highly Sensitive Hydrogen Sensor with Gas Selectivity Using a PMMA Membrane-Coated Pd Nanoparticle/Single-Layer Graphene Hybrid,Highly sensitive hydrogen sensor with gas selectivity using PMMA membrane-coated Pd nanoparticle/single-layer graphene hybrid,10.1021/am5073645,integration,foundations,,True,abstract,abstract,verified_metadata,초록에서 PMMA 선택 투과층과 Pd/그래핀 수소 센서를 확인했다. 체액 분석물 이동이나 칩–배선 연결은 아니므로 integration 기초 감지 부품으로 유지한다.,"The abstract supports a PMMA-selective layer and Pd/graphene hydrogen sensor, not biofluid transport or chip–interconnect joining. Retain integration foundations.",PubMed 초록과 Europe PMC 기록을 읽었다. ACS 본문 조회는 실패했다.,PubMed and Europe PMC abstracts were read; ACS body retrieval failed.,10.1038/s41598-020-58965-w,학교 Chrome에서 혼합기체·막 두께·회복 시험과 장기 자료를 확인한다.,"Check mixed-gas, thickness, recovery and aging evidence in school Chrome.",ko/papers/019.html,en/papers/019.html
18,2015,Preparation of a self-assembled organosilane coating on carbon black as a catalyst support in polymer electrolyte membrane fuel cells,Preparation of a self-assembled organosilane coating on carbon black as a catalyst support in polymer electrolyte membrane fuel cells,10.1016/j.jpowsour.2014.10.137,integration,foundations,,True,full_text,full_text,verified_metadata,공개 PDF의 DTS 코팅 카본블랙은 연료전지 촉매 지지체의 부식 문제를 다룬다. 생체 패키징으로 확대하지 않는 에너지 재료 기초 분류다.,"The public PDF concerns DTS-coated carbon-black catalyst corrosion in fuel cells. It remains an energy-materials foundation, without extrapolation to bioelectronic packaging.",출판사 조회 실패 후 저자 기관 공개 PDF의 초록·도입·선택 결과를 읽었다.,"After publisher retrieval failed, the author-hosted PDF abstract, introduction and selected results were read.",10.1002/adsu.202400742,"학교 Chrome에서 운전/가속 시험의 차이와 재현성, 재사용 권리를 확인한다.","Check operating-versus-accelerated conditions, reproducibility and reuse rights in school Chrome.",ko/papers/018.html,en/papers/018.html
17,2015,Electrostatically-induced trajectory switching system on a multi-inlet-multi-outlet superhydrophobic droplet guiding track,Electrostatic-Induced trajectory switching system on a multi-inlet-multi-outlet superhydrophobic droplet guiding track,10.1039/c4ra13014f,integration,foundations,,True,abstract,abstract,verified_metadata,1문장 등록 요약은 정전기 액적 트랙을 명시한다. 전기 배선 경로와 액적 경로를 혼동하지 않고 integration 기초 플랫폼으로 유지한다.,The one-sentence registered summary supports an electrostatic droplet track. Droplet routing is not electrical routing; retain integration foundations.,"Crossref의 1문장 등록 요약을 읽었다. RSC는 403, Europe PMC DOI 검색은 0건이었다.",Only the one-sentence Crossref summary was read; RSC returned 403 and Europe PMC returned no DOI record.,10.1038/nature10447,학교 Chrome에서 전체 초록·본문의 전극 구조와 작동 범위를 우선 확인한다.,"Prioritize the complete abstract, electrode geometry and operating window in school Chrome.",ko/papers/017.html,en/papers/017.html
16,2014,Enhancement of X-ray detection by single-walled carbon nanotube enriched flexible polymer composite,Enhancement of X-ray detection by single-walled carbon nanotube enriched flexible polymer composite,10.1186/1556-276x-9-610,integration,foundations,routing,True,abstract,abstract,verified_metadata,초록에서 유연 SWNT 고분자 X선 감지층과 전하 수송 상충을 확인했다. 유연성만으로 칩 접합·신축 배선 실증이 되지 않아 integration 기초로 유지한다.,The abstract supports flexible SWNT/polymer X-ray sensing and transport trade-offs; flexibility alone does not establish chip joining or stretchable routing. Retain integration foundations.,Crossref 등록 초록과 Europe PMC의 PubMed 초록을 읽었다. 본문은 미검토다.,Crossref and Europe PMC/PubMed abstracts were read; the body remains unchecked.,10.1002/adma.201200283,학교 Chrome에서 시간 응답·암전류·굽힘 및 누적 조사 자료를 확인한다.,"Check temporal response, dark current, bending and cumulative irradiation in school Chrome.",ko/papers/016.html,en/papers/016.html
15,2014,Coupled self-assembled monolayer for enhancement of Cu diffusion barrier and adhesion properties,Coupled self-assembled monolayer for enhancement of Cu diffusion barrier and adhesion properties,10.1039/c4ra08134j,integration,foundations,,True,full_text,full_text,verified_metadata,Cu–SiO2 장벽·접착은 전자 통합 기반이다. 변형 배선·생체액 봉지로 일반화하지 않는다.,Cu–SiO2 barrier/adhesion informs electronics foundations without establishing deformable routing or biofluid packaging.,공개 저자 연구실 게재본의 초록·결론 중심 선택 절을 읽었다. 보충자료·원데이터는 미검토다. 비교 조건은 편집 제안이다.,Selected abstract/conclusion sections of the public author-hosted published article were read; supplements and raw data remain unchecked. Comparison conditions are editorial proposals.,10.1039/c3nr06771h,학교 Chrome에서 인용한 시험 조건·보충자료·출판사본을 대조한다. 원문·그림은 재배포하지 않는다.,"Reconcile cited test conditions, supplements and the publisher version in school Chrome. Full text and figures are not redistributed.",ko/papers/015.html,en/papers/015.html
14,2014,"Switchable Water‐Adhesive, Superhydrophobic Palladium‐Layered Silicon Nanowires Potentiate the Angiogenic Efficacy of Human Stem Cell Spheroids","Switchable water-adhesive, superhydrophobic palladium-layered silicon nanowires potentiate the angiogenic efficacy of human stem cell spheroids",10.1002/adma.201402273,tissue,foundations,host,True,full_text,full_text,verified_metadata,배양 표면이 줄기세포 스페로이드 형성과 시험관 내 혈관형성 관련 지표에 미치는 영향을 다룬 세포–재료 기초 연구다. 생체 내 효능과 기기–숙주 반응은 입증 범위에 포함하지 않는다.,"Foundational cell–material research on culture surfaces, stem-cell spheroids and in-vitro angiogenic readouts. In-vivo efficacy and device–host responses are outside the established scope.",공개 게재본의 HUVEC 평가·결론과 재수록 초록을 읽었다. 보충자료는 미검토다. 비교 조건은 편집 제안이다.,Public-PDF HUVEC results/conclusion and the indexed abstract were read; supplements remain unchecked. Comparison conditions are editorial proposals.,10.1073/pnas.1008117107,학교 Chrome에서 인용한 시험 조건·보충자료·출판사본을 대조한다. 원문·그림은 재배포하지 않는다.,"Reconcile cited test conditions, supplements and the publisher version in school Chrome. Full text and figures are not redistributed.",ko/papers/014.html,en/papers/014.html
13,2014,Capillary Force-Induced Glue-Free Printing of Ag Nanoparticle Arrays for Highly Sensitive SERS Substrates,Capillary force induced glue-free printing of Ag nanoparticle arrays as highly sensitive SERS substrates,10.1021/am5000382,integration,foundations,,True,full_text,full_text,verified_metadata,SERS 표면 제조를 확인했다. 생체 시료·칩 조립 계면이 검증되지 않아 분석 부품 기반으로 둔다.,SERS fabrication supports analytical foundations without established biological samples or chip-assembly interfaces.,공개 저자 연구실 게재본의 초록·결론 중심 선택 절을 읽었다. 보충자료·원데이터는 미검토다. 비교 조건은 편집 제안이다.,Selected abstract/conclusion sections of the public author-hosted published article were read; supplements and raw data remain unchecked. Comparison conditions are editorial proposals.,10.1021/acsnano.9b04224,학교 Chrome에서 인용한 시험 조건·보충자료·출판사본을 대조한다. 원문·그림은 재배포하지 않는다.,"Reconcile cited test conditions, supplements and the publisher version in school Chrome. Full text and figures are not redistributed.",ko/papers/013.html,en/papers/013.html
12,2013,Extremely Bright Full Color Alternating Current Electroluminescence of Solution-Blended Fluorescent Polymers with Self-Assembled Block Copolymer Micelles,Extremely bright full color alternating current electroluminescence of solution-blended fluorescent polymers with self-assembled block copolymer micelles,10.1021/nn4040926,integration,foundations,,True,full_text,full_text,verified_metadata,유연 다색 발광 시연은 확인했으나 생체 부품 접합이 아닌 광전자 소재·소자 기반에 둔다.,"Flexible multicolour emission is verified, but remains optoelectronic foundations rather than bioelectronic joining.",공개 저자 연구실 게재본의 초록·결론 중심 선택 절을 읽었다. 보충자료·원데이터는 미검토다. 비교 조건은 편집 제안이다.,Selected abstract/conclusion sections of the public author-hosted published article were read; supplements and raw data remain unchecked. Comparison conditions are editorial proposals.,10.1021/nl103458g,학교 Chrome에서 인용한 시험 조건·보충자료·출판사본을 대조한다. 원문·그림은 재배포하지 않는다.,"Reconcile cited test conditions, supplements and the publisher version in school Chrome. Full text and figures are not redistributed.",ko/papers/012.html,en/papers/012.html
11,2013,Gas‐Driven Ultrafast Reversible Switching of Super‐hydrophobic Adhesion on Palladium‐Coated Silicon Nanowires,Gas-driven ultra-fast reversible switching of superhydrophobic adhesion on palladium-coated silicon nanowires,10.1002/adma.201300979,host,foundations,,True,full_text,full_text,verified_metadata,기체 구동 물방울 부착은 표면 기초다. 생물학적 적용은 제안 수준이므로 숙주 실증과 구분한다.,Gas-controlled droplet adhesion is a surface foundation; proposed biological use is distinct from host validation.,공개 저자 연구실 게재본의 초록·결론 중심 선택 절을 읽었다. 보충자료·원데이터는 미검토다. 비교 조건은 편집 제안이다.,Selected abstract/conclusion sections of the public author-hosted published article were read; supplements and raw data remain unchecked. Comparison conditions are editorial proposals.,10.1126/science.256.5063.1539,학교 Chrome에서 인용한 시험 조건·보충자료·출판사본을 대조한다. 원문·그림은 재배포하지 않는다.,"Reconcile cited test conditions, supplements and the publisher version in school Chrome. Full text and figures are not redistributed.",ko/papers/011.html,en/papers/011.html
10,2013,Reversible wettability control of silicon nanowire surfaces: From superhydrophilicity to superhydrophobicity,Reversible wettability control of silicon nanowire surfaces: from superhydrophilicity to superhydrophobicity,10.1016/j.tsf.2012.12.010,host,foundations,,True,full_text,full_text,verified_metadata,물–나노와이어 젖음은 표면 기반 연구다. 단백질 오염·면역 반응을 검증한 숙주 연구는 아니다.,Water–nanowire wetting is a surface foundation without verified protein fouling or immune response.,공개 저자 연구실 게재본의 초록·결론 중심 선택 절을 읽었다. 보충자료·원데이터는 미검토다. 비교 조건은 편집 제안이다.,Selected abstract/conclusion sections of the public author-hosted published article were read; supplements and raw data remain unchecked. Comparison conditions are editorial proposals.,10.1126/science.256.5063.1539,학교 Chrome에서 인용한 시험 조건·보충자료·출판사본을 대조한다. 원문·그림은 재배포하지 않는다.,"Reconcile cited test conditions, supplements and the publisher version in school Chrome. Full text and figures are not redistributed.",ko/papers/010.html,en/papers/010.html
9,2012,Nanomaterials on flexible substrates to explore innovative functions: From energy harvesting to bio-integrated electronics,Nanomaterials on flexible substrates to explore innovative functions: from energy harvesting to bio-integrated electronics,10.1016/j.tsf.2012.10.001,integration,foundations,routing,True,full_text,full_text,verified_metadata,"소재·회로·생체 통합을 가로지르는 리뷰로, 특정 계면 단일 실험이 아닌 통합 기반에 둔다.","This review spans materials, circuits and biointegration; it is an integration foundation rather than a single-interface experiment.",공개 리뷰 게재본의 초록·생체 회로 절·결론을 읽었다. 인용 원논문 전체는 미검토다. 비교 조건은 편집 제안이다.,"The public review abstract, biointegrated-circuit section and conclusion were read; underlying papers were not comprehensively audited. Comparison conditions are editorial proposals.",10.1126/science.1206157,학교 Chrome에서 인용한 시험 조건·보충자료·출판사본을 대조한다. 원문·그림은 재배포하지 않는다.,"Reconcile cited test conditions, supplements and the publisher version in school Chrome. Full text and figures are not redistributed.",ko/papers/009.html,en/papers/009.html
8,2012,Direct Gravure Printing of Silicon Nanowires Using Entropic Attraction Forces,Direct gravure printing of silicon nanowires using entropic attraction forces,10.1002/smll.201102367,integration,foundations,,True,full_text,full_text,verified_metadata,유연 FET는 확인했으나 별도 칩–배선 접합이나 BCCI 조립 계면은 확인되지 않았다.,"Flexible FETs are verified, while separate chip–interconnect joining and BCCI assembly interfaces remain unverified.",공개 저자 연구실 게재본의 초록·결론 중심 선택 절을 읽었다. 보충자료·원데이터는 미검토다. 비교 조건은 편집 제안이다.,Selected abstract/conclusion sections of the public author-hosted published article were read; supplements and raw data remain unchecked. Comparison conditions are editorial proposals.,10.1021/ja8099954,학교 Chrome에서 인용한 시험 조건·보충자료·출판사본을 대조한다. 원문·그림은 재배포하지 않는다.,"Reconcile cited test conditions, supplements and the publisher version in school Chrome. Full text and figures are not redistributed.",ko/papers/008.html,en/papers/008.html
7,2012,The effects of surface modification on the electrical properties of p–n + junction silicon nanowires grown by an aqueous electroless etching method,The effects of surface modification on the electrical properties of p-n+ junction silicon nanowires grown by an aqueous electroless etching method,10.1007/s11051-012-0840-6,integration,foundations,,True,full_text,full_text,verified_metadata,표면 평탄화와 접합 전기·광 특성은 생체 계면보다 반도체 부품 기초에 해당한다.,Surface smoothing and junction optoelectronics support semiconductor foundations rather than biological interfaces.,공개 저자 연구실 게재본의 초록·결론 중심 선택 절을 읽었다. 보충자료·원데이터는 미검토다. 비교 조건은 편집 제안이다.,Selected abstract/conclusion sections of the public author-hosted published article were read; supplements and raw data remain unchecked. Comparison conditions are editorial proposals.,10.1002/adma.201001784,학교 Chrome에서 인용한 시험 조건·보충자료·출판사본을 대조한다. 원문·그림은 재배포하지 않는다.,"Reconcile cited test conditions, supplements and the publisher version in school Chrome. Full text and figures are not redistributed.",ko/papers/007.html,en/papers/007.html
6,2011,Guided Transport of Water Droplets on Superhydrophobic–Hydrophilic Patterned Si Nanowires,Guided transport of water droplets on superhydrophobic−hydrophilic patterned Si nanowires,10.1021/am2011756,integration,foundations,,True,full_text,full_text,verified_metadata,물방울 경로 플랫폼이다. 조직 분석물 이동·숙주 반응이 검증되지 않아 통합 기반으로 둔다.,Droplet-routing platforms remain foundations without established tissue analyte transport or host response.,공개 저자 연구실 게재본의 초록·결론 중심 선택 절을 읽었다. 보충자료·원데이터는 미검토다. 비교 조건은 편집 제안이다.,Selected abstract/conclusion sections of the public author-hosted published article were read; supplements and raw data remain unchecked. Comparison conditions are editorial proposals.,10.1126/science.256.5063.1539,학교 Chrome에서 인용한 시험 조건·보충자료·출판사본을 대조한다. 원문·그림은 재배포하지 않는다.,"Reconcile cited test conditions, supplements and the publisher version in school Chrome. Full text and figures are not redistributed.",ko/papers/006.html,en/papers/006.html
5,2011,Si/Si1-xGex/Si Heterojunction PIN Nanowires Fabricated by Using an Aqueous Electroless Etching Method,Si/Si1-xGex/Si heterojunction PIN nanowires fabricated by an aqueous electroless etching method,10.3938/jkps.59.501,integration,foundations,,True,full_text,full_text,verified_metadata,이종접합 나노와이어 광다이오드 연구이며 BCCI 부품–배선 접합은 다루지 않는다.,Heterojunction nanowire photodiodes do not demonstrate BCCI component–interconnect joining.,공개 저자 연구실 게재본의 초록·결론 중심 선택 절을 읽었다. 보충자료·원데이터는 미검토다. 비교 조건은 편집 제안이다.,Selected abstract/conclusion sections of the public author-hosted published article were read; supplements and raw data remain unchecked. Comparison conditions are editorial proposals.,10.1038/nature06181,"학교 Chrome에서 초록·결론의 암전류 배수 불일치, 광원 파장과 보충자료를 재검증한다. 원문·그림은 재배포하지 않는다.",Reconcile the abstract/conclusion dark-current discrepancy and illumination spectrum in school Chrome. Full text and figures are not redistributed.,ko/papers/005.html,en/papers/005.html
4,2011,"Growth, modulation and photoresponse characteristics of vertically aligned ZnO nanowires","Growth, modulation and photoresponse characteristics of vertically aligned ZnO nanowires",10.1016/j.apsusc.2010.12.158,integration,foundations,,True,full_text,full_text,verified_metadata,UV 검출용 성장·기판 형상 연구다. 소프트 통합의 직접 근거가 없어 기반 참고로 둔다.,UV-detector growth and substrate morphology remain foundations without direct soft-integration evidence.,공개 저자 연구실 게재본의 초록·결론 중심 선택 절을 읽었다. 보충자료·원데이터는 미검토다. 비교 조건은 편집 제안이다.,Selected abstract/conclusion sections of the public author-hosted published article were read; supplements and raw data remain unchecked. Comparison conditions are editorial proposals.,10.1016/j.jcrysgro.2009.04.005,학교 Chrome에서 인용한 시험 조건·보충자료·출판사본을 대조한다. 원문·그림은 재배포하지 않는다.,"Reconcile cited test conditions, supplements and the publisher version in school Chrome. Full text and figures are not redistributed.",ko/papers/004.html,en/papers/004.html
3,2010,Surface deformation of amorphous silicon thin film on elastomeric substrate,Surface deformation of amorphous silicon thin film on elastomeric substrate,10.1016/j.tsf.2010.08.140,routing,foundations,,True,full_text,full_text,verified_metadata,Si–PDMS 주름 역학은 변형 구조의 기반이다. 전기적 배선 연속성 실증과 구분한다.,Silicon–PDMS wrinkles inform deformable structures; electrical routing continuity is unverified.,공개 저자 연구실 게재본의 초록·결론 중심 선택 절을 읽었다. 보충자료·원데이터는 미검토다. 비교 조건은 편집 제안이다.,Selected abstract/conclusion sections of the public author-hosted published article were read; supplements and raw data remain unchecked. Comparison conditions are editorial proposals.,10.1126/science.1121401,학교 Chrome에서 인용한 시험 조건·보충자료·출판사본을 대조한다. 원문·그림은 재배포하지 않는다.,"Reconcile cited test conditions, supplements and the publisher version in school Chrome. Full text and figures are not redistributed.",ko/papers/003.html,en/papers/003.html
2,2010,Trade-Off Relationship of Size and Density of Platinum Nanocrystal in Nonvolatile Memory Characteristics,The trade-off relationship of size and density of platinum nanocrystal in the non-volatile memory characteristics,10.1143/jjap.49.104003,integration,foundations,,True,full_text,full_text,verified_metadata,MOS 저장 노드·터널링은 전자 재료 기초이며 BCCI 부품 접합이 아니다.,MOS storage nodes and tunnelling concern electronics foundations rather than BCCI component joining.,공개 저자 연구실 게재본의 초록·결론 중심 선택 절을 읽었다. 보충자료·원데이터는 미검토다. 비교 조건은 편집 제안이다.,Selected abstract/conclusion sections of the public author-hosted published article were read; supplements and raw data remain unchecked. Comparison conditions are editorial proposals.,10.1063/1.116085,학교 Chrome에서 인용한 시험 조건·보충자료·출판사본을 대조한다. 원문·그림은 재배포하지 않는다.,"Reconcile cited test conditions, supplements and the publisher version in school Chrome. Full text and figures are not redistributed.",ko/papers/002.html,en/papers/002.html
1,2009,Effects of H2 ambient annealing in fully 002-textured ZnO:Ga thin films grown on glass substrates using RF magnetron co-sputter deposition,Effects of H2 ambient annealing in fully 002-textured ZnO: Ga thin films grown on glass substrates using RF magnetron co-sputter deposition,10.1016/j.apsusc.2008.11.085,integration,foundations,,True,full_text,full_text,verified_metadata,유리의 투명 전극 공정이다. 소프트·생체 통합으로 확장하지 않고 전자 재료 기초에 둔다.,Transparent-electrode processing on glass supports electronics foundations without demonstrated soft or biological integration.,공개 저자 연구실 게재본의 초록·결론 중심 선택 절을 읽었다. 보충자료·원데이터는 미검토다. 비교 조건은 편집 제안이다.,Selected abstract/conclusion sections of the public author-hosted published article were read; supplements and raw data remain unchecked. Comparison conditions are editorial proposals.,10.3365/eml.2009.09.127,학교 Chrome에서 인용한 시험 조건·보충자료·출판사본을 대조한다. 원문·그림은 재배포하지 않는다.,"Reconcile cited test conditions, supplements and the publisher version in school Chrome. Full text and figures are not redistributed.",ko/papers/001.html,en/papers/001.html
