number,channel,status,note_ko,note_en
101,institutional,searched_no_match,제목·DOI 및 키워드를 이용한 공개 웹 검색에서 추가로 확정한 보도·홍보가 없습니다. 검색 색인의 제한이 있으며 해당 채널에 자료가 없다는 뜻은 아닙니다.,Public title/DOI and keyword searches established no additional verified outreach. Index coverage is limited; this does not establish absence.
101,independent_media,searched_no_match,제목·DOI 및 키워드를 이용한 공개 웹 검색에서 추가로 확정한 보도·홍보가 없습니다. 검색 색인의 제한이 있으며 해당 채널에 자료가 없다는 뜻은 아닙니다.,Public title/DOI and keyword searches established no additional verified outreach. Index coverage is limited; this does not establish absence.
101,publisher_promotion,searched_no_match,제목·DOI 및 키워드를 이용한 공개 웹 검색에서 추가로 확정한 보도·홍보가 없습니다. 검색 색인의 제한이 있으며 해당 채널에 자료가 없다는 뜻은 아닙니다.,Public title/DOI and keyword searches established no additional verified outreach. Index coverage is limited; this does not establish absence.
101,linkedin,searched_no_match,LinkedIn 대상 검색에서 추가로 확정한 보도·홍보가 없습니다. 검색 색인의 제한이 있으며 해당 채널에 자료가 없다는 뜻은 아닙니다.,LinkedIn-targeted searches established no additional verified outreach. Index coverage is limited; this does not establish absence.
101,other_outreach,searched_no_match,제목·DOI 및 키워드를 이용한 공개 웹 검색에서 추가로 확정한 보도·홍보가 없습니다. 검색 색인의 제한이 있으며 해당 채널에 자료가 없다는 뜻은 아닙니다.,Public title/DOI and keyword searches established no additional verified outreach. Index coverage is limited; this does not establish absence.
100,institutional,searched_no_match,제목·DOI 및 키워드를 이용한 공개 웹 검색에서 추가로 확정한 보도·홍보가 없습니다. 검색 색인의 제한이 있으며 해당 채널에 자료가 없다는 뜻은 아닙니다.,Public title/DOI and keyword searches established no additional verified outreach. Index coverage is limited; this does not establish absence.
100,independent_media,searched_no_match,제목·DOI 및 키워드를 이용한 공개 웹 검색에서 추가로 확정한 보도·홍보가 없습니다. 검색 색인의 제한이 있으며 해당 채널에 자료가 없다는 뜻은 아닙니다.,Public title/DOI and keyword searches established no additional verified outreach. Index coverage is limited; this does not establish absence.
100,publisher_promotion,searched_no_match,제목·DOI 및 키워드를 이용한 공개 웹 검색에서 추가로 확정한 보도·홍보가 없습니다. 검색 색인의 제한이 있으며 해당 채널에 자료가 없다는 뜻은 아닙니다.,Public title/DOI and keyword searches established no additional verified outreach. Index coverage is limited; this does not establish absence.
100,linkedin,verified_link,공개 소개 본문과 논문 동일성을 대조했습니다. 연구자 소개·기관 발표·언론의 성격은 개별 링크에 표시합니다.,"The public feature body was matched to the paper. Researcher, institution and media roles are specified per link."
100,other_outreach,searched_no_match,제목·DOI 및 키워드를 이용한 공개 웹 검색에서 추가로 확정한 보도·홍보가 없습니다. 검색 색인의 제한이 있으며 해당 채널에 자료가 없다는 뜻은 아닙니다.,Public title/DOI and keyword searches established no additional verified outreach. Index coverage is limited; this does not establish absence.
99,institutional,searched_no_match,제목·DOI 및 키워드를 이용한 공개 웹 검색에서 추가로 확정한 보도·홍보가 없습니다. 검색 색인의 제한이 있으며 해당 채널에 자료가 없다는 뜻은 아닙니다.,Public title/DOI and keyword searches established no additional verified outreach. Index coverage is limited; this does not establish absence.
99,independent_media,searched_no_match,제목·DOI 및 키워드를 이용한 공개 웹 검색에서 추가로 확정한 보도·홍보가 없습니다. 검색 색인의 제한이 있으며 해당 채널에 자료가 없다는 뜻은 아닙니다.,Public title/DOI and keyword searches established no additional verified outreach. Index coverage is limited; this does not establish absence.
99,publisher_promotion,searched_no_match,제목·DOI 및 키워드를 이용한 공개 웹 검색에서 추가로 확정한 보도·홍보가 없습니다. 검색 색인의 제한이 있으며 해당 채널에 자료가 없다는 뜻은 아닙니다.,Public title/DOI and keyword searches established no additional verified outreach. Index coverage is limited; this does not establish absence.
99,linkedin,searched_no_match,LinkedIn 대상 검색에서 추가로 확정한 보도·홍보가 없습니다. 검색 색인의 제한이 있으며 해당 채널에 자료가 없다는 뜻은 아닙니다.,LinkedIn-targeted searches established no additional verified outreach. Index coverage is limited; this does not establish absence.
99,other_outreach,searched_no_match,제목·DOI 및 키워드를 이용한 공개 웹 검색에서 추가로 확정한 보도·홍보가 없습니다. 검색 색인의 제한이 있으며 해당 채널에 자료가 없다는 뜻은 아닙니다.,Public title/DOI and keyword searches established no additional verified outreach. Index coverage is limited; this does not establish absence.
98,institutional,searched_no_match,제목·DOI 및 키워드를 이용한 공개 웹 검색에서 추가로 확정한 보도·홍보가 없습니다. 검색 색인의 제한이 있으며 해당 채널에 자료가 없다는 뜻은 아닙니다.,Public title/DOI and keyword searches established no additional verified outreach. Index coverage is limited; this does not establish absence.
98,independent_media,searched_no_match,제목·DOI 및 키워드를 이용한 공개 웹 검색에서 추가로 확정한 보도·홍보가 없습니다. 검색 색인의 제한이 있으며 해당 채널에 자료가 없다는 뜻은 아닙니다.,Public title/DOI and keyword searches established no additional verified outreach. Index coverage is limited; this does not establish absence.
98,publisher_promotion,searched_no_match,제목·DOI 및 키워드를 이용한 공개 웹 검색에서 추가로 확정한 보도·홍보가 없습니다. 검색 색인의 제한이 있으며 해당 채널에 자료가 없다는 뜻은 아닙니다.,Public title/DOI and keyword searches established no additional verified outreach. Index coverage is limited; this does not establish absence.
98,linkedin,verified_link,공개 소개 본문과 논문 동일성을 대조했습니다. 연구자 소개·기관 발표·언론의 성격은 개별 링크에 표시합니다.,"The public feature body was matched to the paper. Researcher, institution and media roles are specified per link."
98,other_outreach,searched_no_match,제목·DOI 및 키워드를 이용한 공개 웹 검색에서 추가로 확정한 보도·홍보가 없습니다. 검색 색인의 제한이 있으며 해당 채널에 자료가 없다는 뜻은 아닙니다.,Public title/DOI and keyword searches established no additional verified outreach. Index coverage is limited; this does not establish absence.
97,institutional,searched_no_match,제목·DOI 및 키워드를 이용한 공개 웹 검색에서 추가로 확정한 보도·홍보가 없습니다. 검색 색인의 제한이 있으며 해당 채널에 자료가 없다는 뜻은 아닙니다.,Public title/DOI and keyword searches established no additional verified outreach. Index coverage is limited; this does not establish absence.
97,independent_media,searched_no_match,제목·DOI 및 키워드를 이용한 공개 웹 검색에서 추가로 확정한 보도·홍보가 없습니다. 검색 색인의 제한이 있으며 해당 채널에 자료가 없다는 뜻은 아닙니다.,Public title/DOI and keyword searches established no additional verified outreach. Index coverage is limited; this does not establish absence.
97,publisher_promotion,searched_no_match,제목·DOI 및 키워드를 이용한 공개 웹 검색에서 추가로 확정한 보도·홍보가 없습니다. 검색 색인의 제한이 있으며 해당 채널에 자료가 없다는 뜻은 아닙니다.,Public title/DOI and keyword searches established no additional verified outreach. Index coverage is limited; this does not establish absence.
97,linkedin,verified_link,본문 또는 실제 공개 소식 카드로 관련성을 확인한 링크 2건입니다.,2 link(s) matched through an actual body or public news card.
97,other_outreach,searched_no_match,제목·DOI 및 키워드를 이용한 공개 웹 검색에서 추가로 확정한 보도·홍보가 없습니다. 검색 색인의 제한이 있으며 해당 채널에 자료가 없다는 뜻은 아닙니다.,Public title/DOI and keyword searches established no additional verified outreach. Index coverage is limited; this does not establish absence.
96,institutional,searched_no_match,제목·DOI 및 키워드를 이용한 공개 웹 검색에서 추가로 확정한 보도·홍보가 없습니다. 검색 색인의 제한이 있으며 해당 채널에 자료가 없다는 뜻은 아닙니다.,Public title/DOI and keyword searches established no additional verified outreach. Index coverage is limited; this does not establish absence.
96,independent_media,verified_link,본문 또는 실제 공개 소식 카드로 관련성을 확인한 링크 1건입니다. 언론 채널의 연결을 확인했다는 뜻이며 독립 취재를 보장하지 않습니다.,"1 link(s) matched through an actual body or public news card. This confirms media-channel coverage, not independent reporting."
96,publisher_promotion,searched_no_match,제목·DOI 및 키워드를 이용한 공개 웹 검색에서 추가로 확정한 보도·홍보가 없습니다. 검색 색인의 제한이 있으며 해당 채널에 자료가 없다는 뜻은 아닙니다.,Public title/DOI and keyword searches established no additional verified outreach. Index coverage is limited; this does not establish absence.
96,linkedin,verified_link,본문 또는 실제 공개 소식 카드로 관련성을 확인한 링크 1건입니다.,1 link(s) matched through an actual body or public news card.
96,other_outreach,searched_no_match,제목·DOI 및 키워드를 이용한 공개 웹 검색에서 추가로 확정한 보도·홍보가 없습니다. 검색 색인의 제한이 있으며 해당 채널에 자료가 없다는 뜻은 아닙니다.,Public title/DOI and keyword searches established no additional verified outreach. Index coverage is limited; this does not establish absence.
95,institutional,verified_link,본문 또는 실제 공개 소식 카드로 관련성을 확인한 링크 1건입니다.,1 link(s) matched through an actual body or public news card.
95,independent_media,verified_link,본문 또는 실제 공개 소식 카드로 관련성을 확인한 링크 3건입니다. 언론 채널의 연결을 확인했다는 뜻이며 독립 취재를 보장하지 않습니다.,"3 link(s) matched through an actual body or public news card. This confirms media-channel coverage, not independent reporting."
95,publisher_promotion,searched_no_match,제목·DOI 및 키워드를 이용한 공개 웹 검색에서 추가로 확정한 보도·홍보가 없습니다. 검색 색인의 제한이 있으며 해당 채널에 자료가 없다는 뜻은 아닙니다.,Public title/DOI and keyword searches established no additional verified outreach. Index coverage is limited; this does not establish absence.
95,linkedin,verified_link,"확인된 LinkedIn 연결은 총 1건입니다. 이번 통합 소개 글은 2026-10-03에 발행되었으며, 로그인 세션의 본문·전체 공개 상태·DOI 목적지 확인 기록에 근거합니다. 연구자 자기작성 홍보이고 동일 URL의 6편 연결은 별도 기사 6건으로 세지 않습니다.","There is 1 verified LinkedIn association. The combined post was published on 2026-10-03 and is supported by a logged-in verification record of its body, public visibility and DOI destinations. It is researcher-authored promotion; six paper associations with this URL are not six separate articles."
95,other_outreach,verified_link,본문 또는 실제 공개 소식 카드로 관련성을 확인한 링크 1건입니다.,1 link(s) matched through an actual body or public news card.
94,institutional,searched_no_match,제목·DOI 및 키워드를 이용한 공개 웹 검색에서 추가로 확정한 보도·홍보가 없습니다. 검색 색인의 제한이 있으며 해당 채널에 자료가 없다는 뜻은 아닙니다.,Public title/DOI and keyword searches established no additional verified outreach. Index coverage is limited; this does not establish absence.
94,independent_media,searched_no_match,제목·DOI 및 키워드를 이용한 공개 웹 검색에서 추가로 확정한 보도·홍보가 없습니다. 검색 색인의 제한이 있으며 해당 채널에 자료가 없다는 뜻은 아닙니다.,Public title/DOI and keyword searches established no additional verified outreach. Index coverage is limited; this does not establish absence.
94,publisher_promotion,searched_no_match,제목·DOI 및 키워드를 이용한 공개 웹 검색에서 추가로 확정한 보도·홍보가 없습니다. 검색 색인의 제한이 있으며 해당 채널에 자료가 없다는 뜻은 아닙니다.,Public title/DOI and keyword searches established no additional verified outreach. Index coverage is limited; this does not establish absence.
94,linkedin,searched_no_match,LinkedIn 대상 검색에서 추가로 확정한 보도·홍보가 없습니다. 검색 색인의 제한이 있으며 해당 채널에 자료가 없다는 뜻은 아닙니다.,LinkedIn-targeted searches established no additional verified outreach. Index coverage is limited; this does not establish absence.
94,other_outreach,searched_no_match,제목·DOI 및 키워드를 이용한 공개 웹 검색에서 추가로 확정한 보도·홍보가 없습니다. 검색 색인의 제한이 있으며 해당 채널에 자료가 없다는 뜻은 아닙니다.,Public title/DOI and keyword searches established no additional verified outreach. Index coverage is limited; this does not establish absence.
93,institutional,searched_no_match,제목·DOI 및 키워드를 이용한 공개 웹 검색에서 추가로 확정한 보도·홍보가 없습니다. 검색 색인의 제한이 있으며 해당 채널에 자료가 없다는 뜻은 아닙니다.,Public title/DOI and keyword searches established no additional verified outreach. Index coverage is limited; this does not establish absence.
93,independent_media,searched_no_match,제목·DOI 및 키워드를 이용한 공개 웹 검색에서 추가로 확정한 보도·홍보가 없습니다. 검색 색인의 제한이 있으며 해당 채널에 자료가 없다는 뜻은 아닙니다.,Public title/DOI and keyword searches established no additional verified outreach. Index coverage is limited; this does not establish absence.
93,publisher_promotion,access_limited,출판사 목차가 HTTP 403으로 차단되어 표지 캡션을 직접 확인하지 못했습니다. 저자의 표지 소식은 기타 홍보로만 기록했습니다.,The issue page was blocked with HTTP 403; the publisher's cover caption was not verified. The author's cover news is recorded only as other outreach.
93,linkedin,searched_no_match,LinkedIn 대상 검색에서 추가로 확정한 보도·홍보가 없습니다. 검색 색인의 제한이 있으며 해당 채널에 자료가 없다는 뜻은 아닙니다.,LinkedIn-targeted searches established no additional verified outreach. Index coverage is limited; this does not establish absence.
93,other_outreach,verified_link,본문 또는 실제 공개 소식 카드로 관련성을 확인한 링크 1건입니다.,1 link(s) matched through an actual body or public news card.
92,institutional,verified_link,공개 소개 본문과 논문 동일성을 대조했습니다. 연구자 소개·기관 발표·언론의 성격은 개별 링크에 표시합니다.,"The public feature body was matched to the paper. Researcher, institution and media roles are specified per link."
92,independent_media,verified_link,본문 또는 실제 공개 소식 카드로 관련성을 확인한 링크 3건입니다. 언론 채널의 연결을 확인했다는 뜻이며 독립 취재를 보장하지 않습니다.,"3 link(s) matched through an actual body or public news card. This confirms media-channel coverage, not independent reporting."
92,publisher_promotion,searched_no_match,제목·DOI 및 키워드를 이용한 공개 웹 검색에서 추가로 확정한 보도·홍보가 없습니다. 검색 색인의 제한이 있으며 해당 채널에 자료가 없다는 뜻은 아닙니다.,Public title/DOI and keyword searches established no additional verified outreach. Index coverage is limited; this does not establish absence.
92,linkedin,verified_link,본문 또는 실제 공개 소식 카드로 관련성을 확인한 링크 1건입니다.,1 link(s) matched through an actual body or public news card.
92,other_outreach,verified_link,본문 또는 실제 공개 소식 카드로 관련성을 확인한 링크 1건입니다.,1 link(s) matched through an actual body or public news card.
91,institutional,searched_no_match,제목·DOI 및 키워드를 이용한 공개 웹 검색에서 추가로 확정한 보도·홍보가 없습니다. 검색 색인의 제한이 있으며 해당 채널에 자료가 없다는 뜻은 아닙니다.,Public title/DOI and keyword searches established no additional verified outreach. Index coverage is limited; this does not establish absence.
91,independent_media,searched_no_match,제목·DOI 및 키워드를 이용한 공개 웹 검색에서 추가로 확정한 보도·홍보가 없습니다. 검색 색인의 제한이 있으며 해당 채널에 자료가 없다는 뜻은 아닙니다.,Public title/DOI and keyword searches established no additional verified outreach. Index coverage is limited; this does not establish absence.
91,publisher_promotion,searched_no_match,제목·DOI 및 키워드를 이용한 공개 웹 검색에서 추가로 확정한 보도·홍보가 없습니다. 검색 색인의 제한이 있으며 해당 채널에 자료가 없다는 뜻은 아닙니다.,Public title/DOI and keyword searches established no additional verified outreach. Index coverage is limited; this does not establish absence.
91,linkedin,verified_link,"확인된 LinkedIn 연결은 총 1건입니다. 이번 통합 소개 글은 2026-10-03에 발행되었으며, 로그인 세션의 본문·전체 공개 상태·DOI 목적지 확인 기록에 근거합니다. 연구자 자기작성 홍보이고 동일 URL의 6편 연결은 별도 기사 6건으로 세지 않습니다.","There is 1 verified LinkedIn association. The combined post was published on 2026-10-03 and is supported by a logged-in verification record of its body, public visibility and DOI destinations. It is researcher-authored promotion; six paper associations with this URL are not six separate articles."
91,other_outreach,searched_no_match,제목·DOI 및 키워드를 이용한 공개 웹 검색에서 추가로 확정한 보도·홍보가 없습니다. 검색 색인의 제한이 있으며 해당 채널에 자료가 없다는 뜻은 아닙니다.,Public title/DOI and keyword searches established no additional verified outreach. Index coverage is limited; this does not establish absence.
90,institutional,verified_link,본문 또는 실제 공개 소식 카드로 관련성을 확인한 링크 1건입니다.,1 link(s) matched through an actual body or public news card.
90,independent_media,access_limited,내일신문 보도 시드를 열었으나 웹 오류·HTTP 403으로 확인하지 못했습니다. 다른 검색에서도 추가 기사 본문을 확보하지 못했습니다.,The Naeil press seed failed with web errors/HTTP 403. No additional article body was verified in the other searches.
90,publisher_promotion,searched_no_match,제목·DOI 및 키워드를 이용한 공개 웹 검색에서 추가로 확정한 보도·홍보가 없습니다. 검색 색인의 제한이 있으며 해당 채널에 자료가 없다는 뜻은 아닙니다.,Public title/DOI and keyword searches established no additional verified outreach. Index coverage is limited; this does not establish absence.
90,linkedin,searched_no_match,LinkedIn 대상 검색에서 추가로 확정한 보도·홍보가 없습니다. 검색 색인의 제한이 있으며 해당 채널에 자료가 없다는 뜻은 아닙니다.,LinkedIn-targeted searches established no additional verified outreach. Index coverage is limited; this does not establish absence.
90,other_outreach,access_limited,검색 후보는 있으나 본문 접근이 제한되어 확인 건수에서 제외했습니다.,"A candidate exists, but body access was limited; it is excluded from verified counts."
89,institutional,searched_no_match,제목·DOI 및 키워드를 이용한 공개 웹 검색에서 추가로 확정한 보도·홍보가 없습니다. 검색 색인의 제한이 있으며 해당 채널에 자료가 없다는 뜻은 아닙니다.,Public title/DOI and keyword searches established no additional verified outreach. Index coverage is limited; this does not establish absence.
89,independent_media,searched_no_match,제목·DOI 및 키워드를 이용한 공개 웹 검색에서 추가로 확정한 보도·홍보가 없습니다. 검색 색인의 제한이 있으며 해당 채널에 자료가 없다는 뜻은 아닙니다.,Public title/DOI and keyword searches established no additional verified outreach. Index coverage is limited; this does not establish absence.
89,publisher_promotion,searched_no_match,제목·DOI 및 키워드를 이용한 공개 웹 검색에서 추가로 확정한 보도·홍보가 없습니다. 검색 색인의 제한이 있으며 해당 채널에 자료가 없다는 뜻은 아닙니다.,Public title/DOI and keyword searches established no additional verified outreach. Index coverage is limited; this does not establish absence.
89,linkedin,searched_no_match,LinkedIn 대상 검색에서 추가로 확정한 보도·홍보가 없습니다. 검색 색인의 제한이 있으며 해당 채널에 자료가 없다는 뜻은 아닙니다.,LinkedIn-targeted searches established no additional verified outreach. Index coverage is limited; this does not establish absence.
89,other_outreach,searched_no_match,제목·DOI 및 키워드를 이용한 공개 웹 검색에서 추가로 확정한 보도·홍보가 없습니다. 검색 색인의 제한이 있으며 해당 채널에 자료가 없다는 뜻은 아닙니다.,Public title/DOI and keyword searches established no additional verified outreach. Index coverage is limited; this does not establish absence.
88,institutional,searched_no_match,제목·DOI 및 키워드를 이용한 공개 웹 검색에서 추가로 확정한 보도·홍보가 없습니다. 검색 색인의 제한이 있으며 해당 채널에 자료가 없다는 뜻은 아닙니다.,Public title/DOI and keyword searches established no additional verified outreach. Index coverage is limited; this does not establish absence.
88,independent_media,searched_no_match,제목·DOI 및 키워드를 이용한 공개 웹 검색에서 추가로 확정한 보도·홍보가 없습니다. 검색 색인의 제한이 있으며 해당 채널에 자료가 없다는 뜻은 아닙니다.,Public title/DOI and keyword searches established no additional verified outreach. Index coverage is limited; this does not establish absence.
88,publisher_promotion,searched_no_match,제목·DOI 및 키워드를 이용한 공개 웹 검색에서 추가로 확정한 보도·홍보가 없습니다. 검색 색인의 제한이 있으며 해당 채널에 자료가 없다는 뜻은 아닙니다.,Public title/DOI and keyword searches established no additional verified outreach. Index coverage is limited; this does not establish absence.
88,linkedin,verified_link,공개 소개 본문과 논문 동일성을 대조했습니다. 연구자 소개·기관 발표·언론의 성격은 개별 링크에 표시합니다.,"The public feature body was matched to the paper. Researcher, institution and media roles are specified per link."
88,other_outreach,searched_no_match,제목·DOI 및 키워드를 이용한 공개 웹 검색에서 추가로 확정한 보도·홍보가 없습니다. 검색 색인의 제한이 있으며 해당 채널에 자료가 없다는 뜻은 아닙니다.,Public title/DOI and keyword searches established no additional verified outreach. Index coverage is limited; this does not establish absence.
87,institutional,searched_no_match,제목·DOI 및 키워드를 이용한 공개 웹 검색에서 추가로 확정한 보도·홍보가 없습니다. 검색 색인의 제한이 있으며 해당 채널에 자료가 없다는 뜻은 아닙니다.,Public title/DOI and keyword searches established no additional verified outreach. Index coverage is limited; this does not establish absence.
87,independent_media,searched_no_match,제목·DOI 및 키워드를 이용한 공개 웹 검색에서 추가로 확정한 보도·홍보가 없습니다. 검색 색인의 제한이 있으며 해당 채널에 자료가 없다는 뜻은 아닙니다.,Public title/DOI and keyword searches established no additional verified outreach. Index coverage is limited; this does not establish absence.
87,publisher_promotion,searched_no_match,제목·DOI 및 키워드를 이용한 공개 웹 검색에서 추가로 확정한 보도·홍보가 없습니다. 검색 색인의 제한이 있으며 해당 채널에 자료가 없다는 뜻은 아닙니다.,Public title/DOI and keyword searches established no additional verified outreach. Index coverage is limited; this does not establish absence.
87,linkedin,searched_no_match,LinkedIn 대상 검색에서 추가로 확정한 보도·홍보가 없습니다. 검색 색인의 제한이 있으며 해당 채널에 자료가 없다는 뜻은 아닙니다.,LinkedIn-targeted searches established no additional verified outreach. Index coverage is limited; this does not establish absence.
87,other_outreach,searched_no_match,제목·DOI 및 키워드를 이용한 공개 웹 검색에서 추가로 확정한 보도·홍보가 없습니다. 검색 색인의 제한이 있으며 해당 채널에 자료가 없다는 뜻은 아닙니다.,Public title/DOI and keyword searches established no additional verified outreach. Index coverage is limited; this does not establish absence.
86,institutional,searched_no_match,제목·DOI 및 키워드를 이용한 공개 웹 검색에서 추가로 확정한 보도·홍보가 없습니다. 검색 색인의 제한이 있으며 해당 채널에 자료가 없다는 뜻은 아닙니다.,Public title/DOI and keyword searches established no additional verified outreach. Index coverage is limited; this does not establish absence.
86,independent_media,searched_no_match,제목·DOI 및 키워드를 이용한 공개 웹 검색에서 추가로 확정한 보도·홍보가 없습니다. 검색 색인의 제한이 있으며 해당 채널에 자료가 없다는 뜻은 아닙니다.,Public title/DOI and keyword searches established no additional verified outreach. Index coverage is limited; this does not establish absence.
86,publisher_promotion,searched_no_match,제목·DOI 및 키워드를 이용한 공개 웹 검색에서 추가로 확정한 보도·홍보가 없습니다. 검색 색인의 제한이 있으며 해당 채널에 자료가 없다는 뜻은 아닙니다.,Public title/DOI and keyword searches established no additional verified outreach. Index coverage is limited; this does not establish absence.
86,linkedin,searched_no_match,LinkedIn 대상 검색에서 추가로 확정한 보도·홍보가 없습니다. 검색 색인의 제한이 있으며 해당 채널에 자료가 없다는 뜻은 아닙니다.,LinkedIn-targeted searches established no additional verified outreach. Index coverage is limited; this does not establish absence.
86,other_outreach,searched_no_match,제목·DOI 및 키워드를 이용한 공개 웹 검색에서 추가로 확정한 보도·홍보가 없습니다. 검색 색인의 제한이 있으며 해당 채널에 자료가 없다는 뜻은 아닙니다.,Public title/DOI and keyword searches established no additional verified outreach. Index coverage is limited; this does not establish absence.
85,institutional,verified_link,본문 또는 실제 공개 소식 카드로 관련성을 확인한 링크 2건입니다.,2 link(s) matched through an actual body or public news card.
85,independent_media,verified_link,본문 또는 실제 공개 소식 카드로 관련성을 확인한 링크 2건입니다. 언론 채널의 연결을 확인했다는 뜻이며 독립 취재를 보장하지 않습니다.,"2 link(s) matched through an actual body or public news card. This confirms media-channel coverage, not independent reporting."
85,publisher_promotion,searched_no_match,제목·DOI 및 키워드를 이용한 공개 웹 검색에서 추가로 확정한 보도·홍보가 없습니다. 검색 색인의 제한이 있으며 해당 채널에 자료가 없다는 뜻은 아닙니다.,Public title/DOI and keyword searches established no additional verified outreach. Index coverage is limited; this does not establish absence.
85,linkedin,verified_link,"확인된 LinkedIn 연결은 총 2건입니다. 이번 통합 소개 글은 2026-10-03에 발행되었으며, 로그인 세션의 본문·전체 공개 상태·DOI 목적지 확인 기록에 근거합니다. 연구자 자기작성 홍보이고 동일 URL의 6편 연결은 별도 기사 6건으로 세지 않습니다.","There are 2 verified LinkedIn associations. The combined post was published on 2026-10-03 and is supported by a logged-in verification record of its body, public visibility and DOI destinations. It is researcher-authored promotion; six paper associations with this URL are not six separate articles."
85,other_outreach,access_limited,검색 후보는 있으나 본문 접근이 제한되어 확인 건수에서 제외했습니다.,"A candidate exists, but body access was limited; it is excluded from verified counts."
84,institutional,verified_link,연결된 공개 페이지에서 논문 일치 근거를 확인했다. 매체의 독립성은 각 링크의 editorial_type과 범위 설명을 따른다.,"Paper association was verified on a public page. Editorial independence is specified per link, not inferred from the channel."
84,independent_media,searched_no_match,제목·저자·주제의 공개 통합 검색으로 이 채널을 넓게 조사했으나 별도 일치 홍보를 검증하지 못했다. 모든 채널 내부 목록을 전수 열람한 것은 아니다.,Broad public title/author/topic searches covered this channel without verifying distinct matching outreach; this was not an exhaustive inspection of every channel archive.
84,publisher_promotion,searched_no_match,제목·저자·주제의 공개 통합 검색으로 이 채널을 넓게 조사했으나 별도 일치 홍보를 검증하지 못했다. 모든 채널 내부 목록을 전수 열람한 것은 아니다.,Broad public title/author/topic searches covered this channel without verifying distinct matching outreach; this was not an exhaustive inspection of every channel archive.
84,linkedin,searched_no_match,LinkedIn 한정 공개 검색에서 해당 논문 게시물을 검증하지 못했다.,Public LinkedIn-targeted searching did not verify a post for this paper.
84,other_outreach,searched_no_match,제목·저자·주제의 공개 통합 검색으로 이 채널을 넓게 조사했으나 별도 일치 홍보를 검증하지 못했다. 모든 채널 내부 목록을 전수 열람한 것은 아니다.,Broad public title/author/topic searches covered this channel without verifying distinct matching outreach; this was not an exhaustive inspection of every channel archive.
83,institutional,searched_no_match,제목·저자·주제의 공개 통합 검색으로 이 채널을 넓게 조사했으나 별도 일치 홍보를 검증하지 못했다. 모든 채널 내부 목록을 전수 열람한 것은 아니다.,Broad public title/author/topic searches covered this channel without verifying distinct matching outreach; this was not an exhaustive inspection of every channel archive.
83,independent_media,searched_no_match,제목·저자·주제의 공개 통합 검색으로 이 채널을 넓게 조사했으나 별도 일치 홍보를 검증하지 못했다. 모든 채널 내부 목록을 전수 열람한 것은 아니다.,Broad public title/author/topic searches covered this channel without verifying distinct matching outreach; this was not an exhaustive inspection of every channel archive.
83,publisher_promotion,searched_no_match,제목·저자·주제의 공개 통합 검색으로 이 채널을 넓게 조사했으나 별도 일치 홍보를 검증하지 못했다. 모든 채널 내부 목록을 전수 열람한 것은 아니다.,Broad public title/author/topic searches covered this channel without verifying distinct matching outreach; this was not an exhaustive inspection of every channel archive.
83,linkedin,searched_no_match,LinkedIn 한정 공개 검색에서 해당 논문 게시물을 검증하지 못했다.,Public LinkedIn-targeted searching did not verify a post for this paper.
83,other_outreach,searched_no_match,제목·저자·주제의 공개 통합 검색으로 이 채널을 넓게 조사했으나 별도 일치 홍보를 검증하지 못했다. 모든 채널 내부 목록을 전수 열람한 것은 아니다.,Broad public title/author/topic searches covered this channel without verifying distinct matching outreach; this was not an exhaustive inspection of every channel archive.
82,institutional,searched_no_match,제목·저자·주제의 공개 통합 검색으로 이 채널을 넓게 조사했으나 별도 일치 홍보를 검증하지 못했다. 모든 채널 내부 목록을 전수 열람한 것은 아니다.,Broad public title/author/topic searches covered this channel without verifying distinct matching outreach; this was not an exhaustive inspection of every channel archive.
82,independent_media,searched_no_match,제목·저자·주제의 공개 통합 검색으로 이 채널을 넓게 조사했으나 별도 일치 홍보를 검증하지 못했다. 모든 채널 내부 목록을 전수 열람한 것은 아니다.,Broad public title/author/topic searches covered this channel without verifying distinct matching outreach; this was not an exhaustive inspection of every channel archive.
82,publisher_promotion,searched_no_match,제목·저자·주제의 공개 통합 검색으로 이 채널을 넓게 조사했으나 별도 일치 홍보를 검증하지 못했다. 모든 채널 내부 목록을 전수 열람한 것은 아니다.,Broad public title/author/topic searches covered this channel without verifying distinct matching outreach; this was not an exhaustive inspection of every channel archive.
82,linkedin,verified_link,연결된 공개 페이지에서 논문 일치 근거를 확인했다. 매체의 독립성은 각 링크의 editorial_type과 범위 설명을 따른다.,"Paper association was verified on a public page. Editorial independence is specified per link, not inferred from the channel."
82,other_outreach,searched_no_match,제목·저자·주제의 공개 통합 검색으로 이 채널을 넓게 조사했으나 별도 일치 홍보를 검증하지 못했다. 모든 채널 내부 목록을 전수 열람한 것은 아니다.,Broad public title/author/topic searches covered this channel without verifying distinct matching outreach; this was not an exhaustive inspection of every channel archive.
81,institutional,verified_link,연결된 공개 페이지에서 논문 일치 근거를 확인했다. 매체의 독립성은 각 링크의 editorial_type과 범위 설명을 따른다.,"Paper association was verified on a public page. Editorial independence is specified per link, not inferred from the channel."
81,independent_media,verified_link,연결된 공개 페이지에서 논문 일치 근거를 확인했다. 매체의 독립성은 각 링크의 editorial_type과 범위 설명을 따른다.,"Paper association was verified on a public page. Editorial independence is specified per link, not inferred from the channel."
81,publisher_promotion,searched_no_match,제목·저자·주제의 공개 통합 검색으로 이 채널을 넓게 조사했으나 별도 일치 홍보를 검증하지 못했다. 모든 채널 내부 목록을 전수 열람한 것은 아니다.,Broad public title/author/topic searches covered this channel without verifying distinct matching outreach; this was not an exhaustive inspection of every channel archive.
81,linkedin,searched_no_match,LinkedIn 한정 공개 검색에서 해당 논문 게시물을 검증하지 못했다.,Public LinkedIn-targeted searching did not verify a post for this paper.
81,other_outreach,searched_no_match,제목·저자·주제의 공개 통합 검색으로 이 채널을 넓게 조사했으나 별도 일치 홍보를 검증하지 못했다. 모든 채널 내부 목록을 전수 열람한 것은 아니다.,Broad public title/author/topic searches covered this channel without verifying distinct matching outreach; this was not an exhaustive inspection of every channel archive.
80,institutional,access_limited,검색 후보를 찾았으나 BK21 트래픽 제한 또는 YouTube 가져오기 오류로 본문을 확인하지 못했다. 검색 로그에 정확 URL을 남겼다.,A search candidate was found but BK21 traffic limits or YouTube fetch failure prevented body verification; exact URLs are in the search log.
80,independent_media,verified_link,연결된 공개 페이지에서 논문 일치 근거를 확인했다. 매체의 독립성은 각 링크의 editorial_type과 범위 설명을 따른다.,"Paper association was verified on a public page. Editorial independence is specified per link, not inferred from the channel."
80,publisher_promotion,verified_link,연결된 공개 페이지에서 논문 일치 근거를 확인했다. 매체의 독립성은 각 링크의 editorial_type과 범위 설명을 따른다.,"Paper association was verified on a public page. Editorial independence is specified per link, not inferred from the channel."
80,linkedin,searched_no_match,LinkedIn 한정 공개 검색에서 해당 논문 게시물을 검증하지 못했다.,Public LinkedIn-targeted searching did not verify a post for this paper.
80,other_outreach,access_limited,검색 후보를 찾았으나 BK21 트래픽 제한 또는 YouTube 가져오기 오류로 본문을 확인하지 못했다. 검색 로그에 정확 URL을 남겼다.,A search candidate was found but BK21 traffic limits or YouTube fetch failure prevented body verification; exact URLs are in the search log.
79,institutional,searched_no_match,제목·저자·주제의 공개 통합 검색으로 이 채널을 넓게 조사했으나 별도 일치 홍보를 검증하지 못했다. 모든 채널 내부 목록을 전수 열람한 것은 아니다.,Broad public title/author/topic searches covered this channel without verifying distinct matching outreach; this was not an exhaustive inspection of every channel archive.
79,independent_media,searched_no_match,제목·저자·주제의 공개 통합 검색으로 이 채널을 넓게 조사했으나 별도 일치 홍보를 검증하지 못했다. 모든 채널 내부 목록을 전수 열람한 것은 아니다.,Broad public title/author/topic searches covered this channel without verifying distinct matching outreach; this was not an exhaustive inspection of every channel archive.
79,publisher_promotion,searched_no_match,제목·저자·주제의 공개 통합 검색으로 이 채널을 넓게 조사했으나 별도 일치 홍보를 검증하지 못했다. 모든 채널 내부 목록을 전수 열람한 것은 아니다.,Broad public title/author/topic searches covered this channel without verifying distinct matching outreach; this was not an exhaustive inspection of every channel archive.
79,linkedin,searched_no_match,LinkedIn 한정 공개 검색에서 해당 논문 게시물을 검증하지 못했다.,Public LinkedIn-targeted searching did not verify a post for this paper.
79,other_outreach,searched_no_match,제목·저자·주제의 공개 통합 검색으로 이 채널을 넓게 조사했으나 별도 일치 홍보를 검증하지 못했다. 모든 채널 내부 목록을 전수 열람한 것은 아니다.,Broad public title/author/topic searches covered this channel without verifying distinct matching outreach; this was not an exhaustive inspection of every channel archive.
78,institutional,searched_no_match,제목·저자·주제의 공개 통합 검색으로 이 채널을 넓게 조사했으나 별도 일치 홍보를 검증하지 못했다. 모든 채널 내부 목록을 전수 열람한 것은 아니다.,Broad public title/author/topic searches covered this channel without verifying distinct matching outreach; this was not an exhaustive inspection of every channel archive.
78,independent_media,verified_link,연결된 공개 페이지에서 논문 일치 근거를 확인했다. 매체의 독립성은 각 링크의 editorial_type과 범위 설명을 따른다.,"Paper association was verified on a public page. Editorial independence is specified per link, not inferred from the channel."
78,publisher_promotion,searched_no_match,제목·저자·주제의 공개 통합 검색으로 이 채널을 넓게 조사했으나 별도 일치 홍보를 검증하지 못했다. 모든 채널 내부 목록을 전수 열람한 것은 아니다.,Broad public title/author/topic searches covered this channel without verifying distinct matching outreach; this was not an exhaustive inspection of every channel archive.
78,linkedin,verified_link,"확인된 LinkedIn 연결은 총 1건입니다. 이번 통합 소개 글은 2026-10-03에 발행되었으며, 로그인 세션의 본문·전체 공개 상태·DOI 목적지 확인 기록에 근거합니다. 연구자 자기작성 홍보이고 동일 URL의 6편 연결은 별도 기사 6건으로 세지 않습니다.","There is 1 verified LinkedIn association. The combined post was published on 2026-10-03 and is supported by a logged-in verification record of its body, public visibility and DOI destinations. It is researcher-authored promotion; six paper associations with this URL are not six separate articles."
78,other_outreach,searched_no_match,제목·저자·주제의 공개 통합 검색으로 이 채널을 넓게 조사했으나 별도 일치 홍보를 검증하지 못했다. 모든 채널 내부 목록을 전수 열람한 것은 아니다.,Broad public title/author/topic searches covered this channel without verifying distinct matching outreach; this was not an exhaustive inspection of every channel archive.
77,institutional,searched_no_match,제목·저자·주제의 공개 통합 검색으로 이 채널을 넓게 조사했으나 별도 일치 홍보를 검증하지 못했다. 모든 채널 내부 목록을 전수 열람한 것은 아니다.,Broad public title/author/topic searches covered this channel without verifying distinct matching outreach; this was not an exhaustive inspection of every channel archive.
77,independent_media,searched_no_match,제목·저자·주제의 공개 통합 검색으로 이 채널을 넓게 조사했으나 별도 일치 홍보를 검증하지 못했다. 모든 채널 내부 목록을 전수 열람한 것은 아니다.,Broad public title/author/topic searches covered this channel without verifying distinct matching outreach; this was not an exhaustive inspection of every channel archive.
77,publisher_promotion,searched_no_match,제목·저자·주제의 공개 통합 검색으로 이 채널을 넓게 조사했으나 별도 일치 홍보를 검증하지 못했다. 모든 채널 내부 목록을 전수 열람한 것은 아니다.,Broad public title/author/topic searches covered this channel without verifying distinct matching outreach; this was not an exhaustive inspection of every channel archive.
77,linkedin,searched_no_match,LinkedIn 한정 공개 검색에서 해당 논문 게시물을 검증하지 못했다.,Public LinkedIn-targeted searching did not verify a post for this paper.
77,other_outreach,searched_no_match,제목·저자·주제의 공개 통합 검색으로 이 채널을 넓게 조사했으나 별도 일치 홍보를 검증하지 못했다. 모든 채널 내부 목록을 전수 열람한 것은 아니다.,Broad public title/author/topic searches covered this channel without verifying distinct matching outreach; this was not an exhaustive inspection of every channel archive.
76,institutional,searched_no_match,제목·저자·주제의 공개 통합 검색으로 이 채널을 넓게 조사했으나 별도 일치 홍보를 검증하지 못했다. 모든 채널 내부 목록을 전수 열람한 것은 아니다.,Broad public title/author/topic searches covered this channel without verifying distinct matching outreach; this was not an exhaustive inspection of every channel archive.
76,independent_media,searched_no_match,제목·저자·주제의 공개 통합 검색으로 이 채널을 넓게 조사했으나 별도 일치 홍보를 검증하지 못했다. 모든 채널 내부 목록을 전수 열람한 것은 아니다.,Broad public title/author/topic searches covered this channel without verifying distinct matching outreach; this was not an exhaustive inspection of every channel archive.
76,publisher_promotion,searched_no_match,제목·저자·주제의 공개 통합 검색으로 이 채널을 넓게 조사했으나 별도 일치 홍보를 검증하지 못했다. 모든 채널 내부 목록을 전수 열람한 것은 아니다.,Broad public title/author/topic searches covered this channel without verifying distinct matching outreach; this was not an exhaustive inspection of every channel archive.
76,linkedin,searched_no_match,LinkedIn 한정 공개 검색에서 해당 논문 게시물을 검증하지 못했다.,Public LinkedIn-targeted searching did not verify a post for this paper.
76,other_outreach,searched_no_match,제목·저자·주제의 공개 통합 검색으로 이 채널을 넓게 조사했으나 별도 일치 홍보를 검증하지 못했다. 모든 채널 내부 목록을 전수 열람한 것은 아니다.,Broad public title/author/topic searches covered this channel without verifying distinct matching outreach; this was not an exhaustive inspection of every channel archive.
75,institutional,searched_no_match,제목·저자·주제의 공개 통합 검색으로 이 채널을 넓게 조사했으나 별도 일치 홍보를 검증하지 못했다. 모든 채널 내부 목록을 전수 열람한 것은 아니다.,Broad public title/author/topic searches covered this channel without verifying distinct matching outreach; this was not an exhaustive inspection of every channel archive.
75,independent_media,searched_no_match,제목·저자·주제의 공개 통합 검색으로 이 채널을 넓게 조사했으나 별도 일치 홍보를 검증하지 못했다. 모든 채널 내부 목록을 전수 열람한 것은 아니다.,Broad public title/author/topic searches covered this channel without verifying distinct matching outreach; this was not an exhaustive inspection of every channel archive.
75,publisher_promotion,searched_no_match,제목·저자·주제의 공개 통합 검색으로 이 채널을 넓게 조사했으나 별도 일치 홍보를 검증하지 못했다. 모든 채널 내부 목록을 전수 열람한 것은 아니다.,Broad public title/author/topic searches covered this channel without verifying distinct matching outreach; this was not an exhaustive inspection of every channel archive.
75,linkedin,searched_no_match,LinkedIn 한정 공개 검색에서 해당 논문 게시물을 검증하지 못했다.,Public LinkedIn-targeted searching did not verify a post for this paper.
75,other_outreach,searched_no_match,제목·저자·주제의 공개 통합 검색으로 이 채널을 넓게 조사했으나 별도 일치 홍보를 검증하지 못했다. 모든 채널 내부 목록을 전수 열람한 것은 아니다.,Broad public title/author/topic searches covered this channel without verifying distinct matching outreach; this was not an exhaustive inspection of every channel archive.
74,institutional,searched_no_match,제목·저자·주제의 공개 통합 검색으로 이 채널을 넓게 조사했으나 별도 일치 홍보를 검증하지 못했다. 모든 채널 내부 목록을 전수 열람한 것은 아니다.,Broad public title/author/topic searches covered this channel without verifying distinct matching outreach; this was not an exhaustive inspection of every channel archive.
74,independent_media,searched_no_match,제목·저자·주제의 공개 통합 검색으로 이 채널을 넓게 조사했으나 별도 일치 홍보를 검증하지 못했다. 모든 채널 내부 목록을 전수 열람한 것은 아니다.,Broad public title/author/topic searches covered this channel without verifying distinct matching outreach; this was not an exhaustive inspection of every channel archive.
74,publisher_promotion,verified_link,연결된 공개 페이지에서 논문 일치 근거를 확인했다. 매체의 독립성은 각 링크의 editorial_type과 범위 설명을 따른다.,"Paper association was verified on a public page. Editorial independence is specified per link, not inferred from the channel."
74,linkedin,searched_no_match,LinkedIn 한정 공개 검색에서 해당 논문 게시물을 검증하지 못했다.,Public LinkedIn-targeted searching did not verify a post for this paper.
74,other_outreach,searched_no_match,제목·저자·주제의 공개 통합 검색으로 이 채널을 넓게 조사했으나 별도 일치 홍보를 검증하지 못했다. 모든 채널 내부 목록을 전수 열람한 것은 아니다.,Broad public title/author/topic searches covered this channel without verifying distinct matching outreach; this was not an exhaustive inspection of every channel archive.
73,institutional,searched_no_match,제목·저자·주제의 공개 통합 검색으로 이 채널을 넓게 조사했으나 별도 일치 홍보를 검증하지 못했다. 모든 채널 내부 목록을 전수 열람한 것은 아니다.,Broad public title/author/topic searches covered this channel without verifying distinct matching outreach; this was not an exhaustive inspection of every channel archive.
73,independent_media,verified_link,연결된 공개 페이지에서 논문 일치 근거를 확인했다. 매체의 독립성은 각 링크의 editorial_type과 범위 설명을 따른다.,"Paper association was verified on a public page. Editorial independence is specified per link, not inferred from the channel."
73,publisher_promotion,searched_no_match,제목·저자·주제의 공개 통합 검색으로 이 채널을 넓게 조사했으나 별도 일치 홍보를 검증하지 못했다. 모든 채널 내부 목록을 전수 열람한 것은 아니다.,Broad public title/author/topic searches covered this channel without verifying distinct matching outreach; this was not an exhaustive inspection of every channel archive.
73,linkedin,searched_no_match,LinkedIn 한정 공개 검색에서 해당 논문 게시물을 검증하지 못했다.,Public LinkedIn-targeted searching did not verify a post for this paper.
73,other_outreach,searched_no_match,제목·저자·주제의 공개 통합 검색으로 이 채널을 넓게 조사했으나 별도 일치 홍보를 검증하지 못했다. 모든 채널 내부 목록을 전수 열람한 것은 아니다.,Broad public title/author/topic searches covered this channel without verifying distinct matching outreach; this was not an exhaustive inspection of every channel archive.
72,institutional,candidate_only,관련 후보가 있으나 직접 본문 접근·검증이 제한되어 확정 보도로 세지 않았다.,"A relevant candidate exists, but direct access/verification is limited; it is not counted as confirmed coverage."
72,independent_media,verified_link,연결된 공개 페이지에서 논문 일치 근거를 확인했다. 매체의 독립성은 각 링크의 editorial_type과 범위 설명을 따른다.,"Paper association was verified on a public page. Editorial independence is specified per link, not inferred from the channel."
72,publisher_promotion,searched_no_match,제목·저자·주제의 공개 통합 검색으로 이 채널을 넓게 조사했으나 별도 일치 홍보를 검증하지 못했다. 모든 채널 내부 목록을 전수 열람한 것은 아니다.,Broad public title/author/topic searches covered this channel without verifying distinct matching outreach; this was not an exhaustive inspection of every channel archive.
72,linkedin,searched_no_match,LinkedIn 한정 공개 검색에서 해당 논문 게시물을 검증하지 못했다.,Public LinkedIn-targeted searching did not verify a post for this paper.
72,other_outreach,searched_no_match,제목·저자·주제의 공개 통합 검색으로 이 채널을 넓게 조사했으나 별도 일치 홍보를 검증하지 못했다. 모든 채널 내부 목록을 전수 열람한 것은 아니다.,Broad public title/author/topic searches covered this channel without verifying distinct matching outreach; this was not an exhaustive inspection of every channel archive.
71,institutional,searched_no_match,제목·저자·주제의 공개 통합 검색으로 이 채널을 넓게 조사했으나 별도 일치 홍보를 검증하지 못했다. 모든 채널 내부 목록을 전수 열람한 것은 아니다.,Broad public title/author/topic searches covered this channel without verifying distinct matching outreach; this was not an exhaustive inspection of every channel archive.
71,independent_media,searched_no_match,제목·저자·주제의 공개 통합 검색으로 이 채널을 넓게 조사했으나 별도 일치 홍보를 검증하지 못했다. 모든 채널 내부 목록을 전수 열람한 것은 아니다.,Broad public title/author/topic searches covered this channel without verifying distinct matching outreach; this was not an exhaustive inspection of every channel archive.
71,publisher_promotion,searched_no_match,제목·저자·주제의 공개 통합 검색으로 이 채널을 넓게 조사했으나 별도 일치 홍보를 검증하지 못했다. 모든 채널 내부 목록을 전수 열람한 것은 아니다.,Broad public title/author/topic searches covered this channel without verifying distinct matching outreach; this was not an exhaustive inspection of every channel archive.
71,linkedin,searched_no_match,LinkedIn 한정 공개 검색에서 해당 논문 게시물을 검증하지 못했다.,Public LinkedIn-targeted searching did not verify a post for this paper.
71,other_outreach,searched_no_match,제목·저자·주제의 공개 통합 검색으로 이 채널을 넓게 조사했으나 별도 일치 홍보를 검증하지 못했다. 모든 채널 내부 목록을 전수 열람한 것은 아니다.,Broad public title/author/topic searches covered this channel without verifying distinct matching outreach; this was not an exhaustive inspection of every channel archive.
70,institutional,verified_link,연결된 공개 페이지에서 논문 일치 근거를 확인했다. 매체의 독립성은 각 링크의 editorial_type과 범위 설명을 따른다.,"Paper association was verified on a public page. Editorial independence is specified per link, not inferred from the channel."
70,independent_media,verified_link,연결된 공개 페이지에서 논문 일치 근거를 확인했다. 매체의 독립성은 각 링크의 editorial_type과 범위 설명을 따른다.,"Paper association was verified on a public page. Editorial independence is specified per link, not inferred from the channel."
70,publisher_promotion,searched_no_match,제목·저자·주제의 공개 통합 검색으로 이 채널을 넓게 조사했으나 별도 일치 홍보를 검증하지 못했다. 모든 채널 내부 목록을 전수 열람한 것은 아니다.,Broad public title/author/topic searches covered this channel without verifying distinct matching outreach; this was not an exhaustive inspection of every channel archive.
70,linkedin,searched_no_match,LinkedIn 한정 공개 검색에서 해당 논문 게시물을 검증하지 못했다.,Public LinkedIn-targeted searching did not verify a post for this paper.
70,other_outreach,candidate_only,관련 후보가 있으나 직접 본문 접근·검증이 제한되어 확정 보도로 세지 않았다.,"A relevant candidate exists, but direct access/verification is limited; it is not counted as confirmed coverage."
69,institutional,searched_no_match,제목·저자·주제의 공개 통합 검색으로 이 채널을 넓게 조사했으나 별도 일치 홍보를 검증하지 못했다. 모든 채널 내부 목록을 전수 열람한 것은 아니다.,Broad public title/author/topic searches covered this channel without verifying distinct matching outreach; this was not an exhaustive inspection of every channel archive.
69,independent_media,searched_no_match,제목·저자·주제의 공개 통합 검색으로 이 채널을 넓게 조사했으나 별도 일치 홍보를 검증하지 못했다. 모든 채널 내부 목록을 전수 열람한 것은 아니다.,Broad public title/author/topic searches covered this channel without verifying distinct matching outreach; this was not an exhaustive inspection of every channel archive.
69,publisher_promotion,searched_no_match,제목·저자·주제의 공개 통합 검색으로 이 채널을 넓게 조사했으나 별도 일치 홍보를 검증하지 못했다. 모든 채널 내부 목록을 전수 열람한 것은 아니다.,Broad public title/author/topic searches covered this channel without verifying distinct matching outreach; this was not an exhaustive inspection of every channel archive.
69,linkedin,searched_no_match,LinkedIn 한정 공개 검색에서 해당 논문 게시물을 검증하지 못했다.,Public LinkedIn-targeted searching did not verify a post for this paper.
69,other_outreach,searched_no_match,제목·저자·주제의 공개 통합 검색으로 이 채널을 넓게 조사했으나 별도 일치 홍보를 검증하지 못했다. 모든 채널 내부 목록을 전수 열람한 것은 아니다.,Broad public title/author/topic searches covered this channel without verifying distinct matching outreach; this was not an exhaustive inspection of every channel archive.
68,institutional,verified_link,연결된 공개 페이지에서 논문 일치 근거를 확인했다. 매체의 독립성은 각 링크의 editorial_type과 범위 설명을 따른다.,"Paper association was verified on a public page. Editorial independence is specified per link, not inferred from the channel."
68,independent_media,verified_link,연결된 공개 페이지에서 논문 일치 근거를 확인했다. 매체의 독립성은 각 링크의 editorial_type과 범위 설명을 따른다.,"Paper association was verified on a public page. Editorial independence is specified per link, not inferred from the channel."
68,publisher_promotion,searched_no_match,제목·저자·주제의 공개 통합 검색으로 이 채널을 넓게 조사했으나 별도 일치 홍보를 검증하지 못했다. 모든 채널 내부 목록을 전수 열람한 것은 아니다.,Broad public title/author/topic searches covered this channel without verifying distinct matching outreach; this was not an exhaustive inspection of every channel archive.
68,linkedin,searched_no_match,LinkedIn 한정 공개 검색에서 해당 논문 게시물을 검증하지 못했다.,Public LinkedIn-targeted searching did not verify a post for this paper.
68,other_outreach,searched_no_match,제목·저자·주제의 공개 통합 검색으로 이 채널을 넓게 조사했으나 별도 일치 홍보를 검증하지 못했다. 모든 채널 내부 목록을 전수 열람한 것은 아니다.,Broad public title/author/topic searches covered this channel without verifying distinct matching outreach; this was not an exhaustive inspection of every channel archive.
67,institutional,access_limited,일반 검색과 연세대 대상 검색에서 같은 연구의 기술지주회사 목록 후보를 찾았으나 목록 페이지가 열리지 않았습니다. 기관 원 보도자료는 확인하지 못했습니다.,"Broad and Yonsei-targeted searches found a technology-holdings list candidate, but the list failed to open. The institutional original was not verified."
67,independent_media,verified_link,언론사 기사 본문을 확인했으나 기관 발표 기반 보도로 분류했습니다. 독립 취재 확인 건수는 0입니다.,"Verified an outlet's article, classified as announcement-based coverage. No independent reporting was established."
67,publisher_promotion,searched_no_match,제목·DOI·표지 관련 공개 검색을 확인했으나 별도 출판사 홍보를 확인하지 못했습니다. 원문 랜딩 페이지는 제외했습니다.,Public title/DOI/cover searches did not verify a separate publisher promotion. Original article landing pages were excluded.
67,linkedin,verified_link,"확인된 LinkedIn 연결은 총 1건입니다. 이번 통합 소개 글은 2026-10-03에 발행되었으며, 로그인 세션의 본문·전체 공개 상태·DOI 목적지 확인 기록에 근거합니다. 연구자 자기작성 홍보이고 동일 URL의 6편 연결은 별도 기사 6건으로 세지 않습니다.","There is 1 verified LinkedIn association. The combined post was published on 2026-10-03 and is supported by a logged-in verification record of its body, public visibility and DOI destinations. It is researcher-authored promotion; six paper associations with this URL are not six separate articles."
67,other_outreach,verified_link,공개 연구실 공지 본문 또는 연결 이미지에서 논문을 식별했습니다. 연구실 자체 홍보입니다.,Identified the paper in a public lab announcement or linked image. This is lab self-promotion.
66,institutional,searched_no_match,논문 제목·DOI의 일반 웹 검색과 공개 연구실 뉴스에서 조사했습니다. 채널 전체를 전수 조사한 결과는 아닙니다.,Reviewed broad title/DOI web searches and public lab news. This is not exhaustive channel coverage.
66,independent_media,verified_link,언론사 기사 본문을 확인했으나 기관 발표 기반 보도로 분류했습니다. 독립 취재 확인 건수는 0입니다.,"Verified an outlet's article, classified as announcement-based coverage. No independent reporting was established."
66,publisher_promotion,searched_no_match,제목·DOI·표지 관련 공개 검색을 확인했으나 별도 출판사 홍보를 확인하지 못했습니다. 원문 랜딩 페이지는 제외했습니다.,Public title/DOI/cover searches did not verify a separate publisher promotion. Original article landing pages were excluded.
66,linkedin,searched_no_match,DOI로 공개 LinkedIn 검색 색인을 조회했지만 해당 논문의 게시물을 식별하지 못했습니다. 로그인한 피드는 조사하지 않았습니다.,DOI-targeted public LinkedIn-index searches did not identify a matching post; authenticated feeds were not searched.
66,other_outreach,verified_link,공개 연구실 공지 본문 또는 연결 이미지에서 논문을 식별했습니다. 연구실 자체 홍보입니다.,Identified the paper in a public lab announcement or linked image. This is lab self-promotion.
65,institutional,searched_no_match,논문 제목·DOI의 일반 웹 검색과 공개 연구실 뉴스에서 조사했습니다. 채널 전체를 전수 조사한 결과는 아닙니다.,Reviewed broad title/DOI web searches and public lab news. This is not exhaustive channel coverage.
65,independent_media,searched_no_match,논문 제목·DOI의 일반 웹 검색과 공개 연구실 뉴스에서 조사했습니다. 채널 전체를 전수 조사한 결과는 아닙니다.,Reviewed broad title/DOI web searches and public lab news. This is not exhaustive channel coverage.
65,publisher_promotion,searched_no_match,제목·DOI·표지 관련 공개 검색을 확인했으나 별도 출판사 홍보를 확인하지 못했습니다. 원문 랜딩 페이지는 제외했습니다.,Public title/DOI/cover searches did not verify a separate publisher promotion. Original article landing pages were excluded.
65,linkedin,searched_no_match,DOI로 공개 LinkedIn 검색 색인을 조회했지만 해당 논문의 게시물을 식별하지 못했습니다. 로그인한 피드는 조사하지 않았습니다.,DOI-targeted public LinkedIn-index searches did not identify a matching post; authenticated feeds were not searched.
65,other_outreach,searched_no_match,논문 제목·DOI의 일반 웹 검색과 공개 연구실 뉴스에서 조사했습니다. 채널 전체를 전수 조사한 결과는 아닙니다.,Reviewed broad title/DOI web searches and public lab news. This is not exhaustive channel coverage.
64,institutional,searched_no_match,논문 제목·DOI의 일반 웹 검색과 공개 연구실 뉴스에서 조사했습니다. 채널 전체를 전수 조사한 결과는 아닙니다.,Reviewed broad title/DOI web searches and public lab news. This is not exhaustive channel coverage.
64,independent_media,searched_no_match,논문 제목·DOI의 일반 웹 검색과 공개 연구실 뉴스에서 조사했습니다. 채널 전체를 전수 조사한 결과는 아닙니다.,Reviewed broad title/DOI web searches and public lab news. This is not exhaustive channel coverage.
64,publisher_promotion,searched_no_match,제목·DOI·표지 관련 공개 검색을 확인했으나 별도 출판사 홍보를 확인하지 못했습니다. 원문 랜딩 페이지는 제외했습니다.,Public title/DOI/cover searches did not verify a separate publisher promotion. Original article landing pages were excluded.
64,linkedin,searched_no_match,DOI로 공개 LinkedIn 검색 색인을 조회했지만 해당 논문의 게시물을 식별하지 못했습니다. 로그인한 피드는 조사하지 않았습니다.,DOI-targeted public LinkedIn-index searches did not identify a matching post; authenticated feeds were not searched.
64,other_outreach,searched_no_match,논문 제목·DOI의 일반 웹 검색과 공개 연구실 뉴스에서 조사했습니다. 채널 전체를 전수 조사한 결과는 아닙니다.,Reviewed broad title/DOI web searches and public lab news. This is not exhaustive channel coverage.
63,institutional,searched_no_match,논문 제목·DOI의 일반 웹 검색과 공개 연구실 뉴스에서 조사했습니다. 채널 전체를 전수 조사한 결과는 아닙니다.,Reviewed broad title/DOI web searches and public lab news. This is not exhaustive channel coverage.
63,independent_media,searched_no_match,논문 제목·DOI의 일반 웹 검색과 공개 연구실 뉴스에서 조사했습니다. 채널 전체를 전수 조사한 결과는 아닙니다.,Reviewed broad title/DOI web searches and public lab news. This is not exhaustive channel coverage.
63,publisher_promotion,access_limited,표지 관련 검색과 ACS 4권 4호 목차 열기를 시도했으나 목차는 403을 반환했습니다. Supplementary cover는 연구실 공지 범위에서만 확인했습니다.,Cover searches and opening the ACS volume 4 issue 4 contents were attempted; the contents returned 403. The supplementary-cover claim was verified only as a lab announcement.
63,linkedin,searched_no_match,DOI로 공개 LinkedIn 검색 색인을 조회했지만 해당 논문의 게시물을 식별하지 못했습니다. 로그인한 피드는 조사하지 않았습니다.,DOI-targeted public LinkedIn-index searches did not identify a matching post; authenticated feeds were not searched.
63,other_outreach,verified_link,공개 연구실 공지 본문 또는 연결 이미지에서 논문을 식별했습니다. 연구실 자체 홍보입니다.,Identified the paper in a public lab announcement or linked image. This is lab self-promotion.
62,institutional,searched_no_match,논문 제목·DOI의 일반 웹 검색과 공개 연구실 뉴스에서 조사했습니다. 채널 전체를 전수 조사한 결과는 아닙니다.,Reviewed broad title/DOI web searches and public lab news. This is not exhaustive channel coverage.
62,independent_media,searched_no_match,논문 제목·DOI의 일반 웹 검색과 공개 연구실 뉴스에서 조사했습니다. 채널 전체를 전수 조사한 결과는 아닙니다.,Reviewed broad title/DOI web searches and public lab news. This is not exhaustive channel coverage.
62,publisher_promotion,searched_no_match,제목·DOI·표지 관련 공개 검색을 확인했으나 별도 출판사 홍보를 확인하지 못했습니다. 원문 랜딩 페이지는 제외했습니다.,Public title/DOI/cover searches did not verify a separate publisher promotion. Original article landing pages were excluded.
62,linkedin,searched_no_match,DOI로 공개 LinkedIn 검색 색인을 조회했지만 해당 논문의 게시물을 식별하지 못했습니다. 로그인한 피드는 조사하지 않았습니다.,DOI-targeted public LinkedIn-index searches did not identify a matching post; authenticated feeds were not searched.
62,other_outreach,searched_no_match,논문 제목·DOI의 일반 웹 검색과 공개 연구실 뉴스에서 조사했습니다. 채널 전체를 전수 조사한 결과는 아닙니다.,Reviewed broad title/DOI web searches and public lab news. This is not exhaustive channel coverage.
61,institutional,searched_no_match,논문 제목·DOI의 일반 웹 검색과 공개 연구실 뉴스에서 조사했습니다. 채널 전체를 전수 조사한 결과는 아닙니다.,Reviewed broad title/DOI web searches and public lab news. This is not exhaustive channel coverage.
61,independent_media,searched_no_match,논문 제목·DOI의 일반 웹 검색과 공개 연구실 뉴스에서 조사했습니다. 채널 전체를 전수 조사한 결과는 아닙니다.,Reviewed broad title/DOI web searches and public lab news. This is not exhaustive channel coverage.
61,publisher_promotion,verified_link,원 연구와 별도로 게시된 Wiley 표지 소개에서 정확한 논문 연결을 확인했습니다.,Verified a separate Wiley cover feature linked to this paper.
61,linkedin,searched_no_match,DOI로 공개 LinkedIn 검색 색인을 조회했지만 해당 논문의 게시물을 식별하지 못했습니다. 로그인한 피드는 조사하지 않았습니다.,DOI-targeted public LinkedIn-index searches did not identify a matching post; authenticated feeds were not searched.
61,other_outreach,verified_link,공개 연구실 공지 본문 또는 연결 이미지에서 논문을 식별했습니다. 연구실 자체 홍보입니다.,Identified the paper in a public lab announcement or linked image. This is lab self-promotion.
60,institutional,searched_no_match,논문 제목·DOI의 일반 웹 검색과 공개 연구실 뉴스에서 조사했습니다. 채널 전체를 전수 조사한 결과는 아닙니다.,Reviewed broad title/DOI web searches and public lab news. This is not exhaustive channel coverage.
60,independent_media,searched_no_match,논문 제목·DOI의 일반 웹 검색과 공개 연구실 뉴스에서 조사했습니다. 채널 전체를 전수 조사한 결과는 아닙니다.,Reviewed broad title/DOI web searches and public lab news. This is not exhaustive channel coverage.
60,publisher_promotion,access_limited,검색 색인에서 관련 후보를 찾았으나 원문 접근이 제한되어 검증된 링크로 집계하지 않았습니다.,"Related indexed candidates were found, but page access was limited; they do not count as verified links."
60,linkedin,searched_no_match,DOI로 공개 LinkedIn 검색 색인을 조회했지만 해당 논문의 게시물을 식별하지 못했습니다. 로그인한 피드는 조사하지 않았습니다.,DOI-targeted public LinkedIn-index searches did not identify a matching post; authenticated feeds were not searched.
60,other_outreach,verified_link,공개 연구실 공지 본문 또는 연결 이미지에서 논문을 식별했습니다. 연구실 자체 홍보입니다.,Identified the paper in a public lab announcement or linked image. This is lab self-promotion.
59,institutional,access_limited,검색 색인에서 관련 후보를 찾았으나 원문 접근이 제한되어 검증된 링크로 집계하지 않았습니다.,"Related indexed candidates were found, but page access was limited; they do not count as verified links."
59,independent_media,verified_link,언론사 기사 본문을 확인했으나 기관 발표 기반 보도로 분류했습니다. 독립 취재 확인 건수는 0입니다.,"Verified an outlet's article, classified as announcement-based coverage. No independent reporting was established."
59,publisher_promotion,verified_link,원 연구와 별도로 게시된 Wiley 표지 소개에서 정확한 논문 연결을 확인했습니다.,Verified a separate Wiley cover feature linked to this paper.
59,linkedin,searched_no_match,DOI로 공개 LinkedIn 검색 색인을 조회했지만 해당 논문의 게시물을 식별하지 못했습니다. 로그인한 피드는 조사하지 않았습니다.,DOI-targeted public LinkedIn-index searches did not identify a matching post; authenticated feeds were not searched.
59,other_outreach,verified_link,공개 연구실 공지 본문 또는 연결 이미지에서 논문을 식별했습니다. 연구실 자체 홍보입니다.,Identified the paper in a public lab announcement or linked image. This is lab self-promotion.
58,institutional,searched_no_match,논문 제목·DOI의 일반 웹 검색과 공개 연구실 뉴스에서 조사했습니다. 채널 전체를 전수 조사한 결과는 아닙니다.,Reviewed broad title/DOI web searches and public lab news. This is not exhaustive channel coverage.
58,independent_media,searched_no_match,논문 제목·DOI의 일반 웹 검색과 공개 연구실 뉴스에서 조사했습니다. 채널 전체를 전수 조사한 결과는 아닙니다.,Reviewed broad title/DOI web searches and public lab news. This is not exhaustive channel coverage.
58,publisher_promotion,searched_no_match,제목·DOI·표지 관련 공개 검색을 확인했으나 별도 출판사 홍보를 확인하지 못했습니다. 원문 랜딩 페이지는 제외했습니다.,Public title/DOI/cover searches did not verify a separate publisher promotion. Original article landing pages were excluded.
58,linkedin,searched_no_match,DOI로 공개 LinkedIn 검색 색인을 조회했지만 해당 논문의 게시물을 식별하지 못했습니다. 로그인한 피드는 조사하지 않았습니다.,DOI-targeted public LinkedIn-index searches did not identify a matching post; authenticated feeds were not searched.
58,other_outreach,searched_no_match,논문 제목·DOI의 일반 웹 검색과 공개 연구실 뉴스에서 조사했습니다. 채널 전체를 전수 조사한 결과는 아닙니다.,Reviewed broad title/DOI web searches and public lab news. This is not exhaustive channel coverage.
57,institutional,searched_no_match,논문 제목·DOI의 일반 웹 검색과 공개 연구실 뉴스에서 조사했습니다. 채널 전체를 전수 조사한 결과는 아닙니다.,Reviewed broad title/DOI web searches and public lab news. This is not exhaustive channel coverage.
57,independent_media,verified_link,언론사 기사 본문을 확인했으나 기관 발표 기반 보도로 분류했습니다. 독립 취재 확인 건수는 0입니다.,"Verified an outlet's article, classified as announcement-based coverage. No independent reporting was established."
57,publisher_promotion,searched_no_match,제목·DOI·표지 관련 공개 검색을 확인했으나 별도 출판사 홍보를 확인하지 못했습니다. 원문 랜딩 페이지는 제외했습니다.,Public title/DOI/cover searches did not verify a separate publisher promotion. Original article landing pages were excluded.
57,linkedin,verified_link,"확인된 LinkedIn 연결은 총 1건입니다. 이번 통합 소개 글은 2026-10-03에 발행되었으며, 로그인 세션의 본문·전체 공개 상태·DOI 목적지 확인 기록에 근거합니다. 연구자 자기작성 홍보이고 동일 URL의 6편 연결은 별도 기사 6건으로 세지 않습니다.","There is 1 verified LinkedIn association. The combined post was published on 2026-10-03 and is supported by a logged-in verification record of its body, public visibility and DOI destinations. It is researcher-authored promotion; six paper associations with this URL are not six separate articles."
57,other_outreach,verified_link,공개 연구실 공지 본문 또는 연결 이미지에서 논문을 식별했습니다. 연구실 자체 홍보입니다.,Identified the paper in a public lab announcement or linked image. This is lab self-promotion.
56,institutional,searched_no_match,논문 제목·DOI의 일반 웹 검색과 공개 연구실 뉴스에서 조사했습니다. 채널 전체를 전수 조사한 결과는 아닙니다.,Reviewed broad title/DOI web searches and public lab news. This is not exhaustive channel coverage.
56,independent_media,searched_no_match,논문 제목·DOI의 일반 웹 검색과 공개 연구실 뉴스에서 조사했습니다. 채널 전체를 전수 조사한 결과는 아닙니다.,Reviewed broad title/DOI web searches and public lab news. This is not exhaustive channel coverage.
56,publisher_promotion,searched_no_match,제목·DOI·표지 관련 공개 검색을 확인했으나 별도 출판사 홍보를 확인하지 못했습니다. 원문 랜딩 페이지는 제외했습니다.,Public title/DOI/cover searches did not verify a separate publisher promotion. Original article landing pages were excluded.
56,linkedin,searched_no_match,DOI로 공개 LinkedIn 검색 색인을 조회했지만 해당 논문의 게시물을 식별하지 못했습니다. 로그인한 피드는 조사하지 않았습니다.,DOI-targeted public LinkedIn-index searches did not identify a matching post; authenticated feeds were not searched.
56,other_outreach,searched_no_match,논문 제목·DOI의 일반 웹 검색과 공개 연구실 뉴스에서 조사했습니다. 채널 전체를 전수 조사한 결과는 아닙니다.,Reviewed broad title/DOI web searches and public lab news. This is not exhaustive channel coverage.
55,institutional,searched_no_match,논문 제목·DOI의 일반 웹 검색과 공개 연구실 뉴스에서 조사했습니다. 채널 전체를 전수 조사한 결과는 아닙니다.,Reviewed broad title/DOI web searches and public lab news. This is not exhaustive channel coverage.
55,independent_media,searched_no_match,논문 제목·DOI의 일반 웹 검색과 공개 연구실 뉴스에서 조사했습니다. 채널 전체를 전수 조사한 결과는 아닙니다.,Reviewed broad title/DOI web searches and public lab news. This is not exhaustive channel coverage.
55,publisher_promotion,searched_no_match,제목·DOI·표지 관련 공개 검색을 확인했으나 별도 출판사 홍보를 확인하지 못했습니다. 원문 랜딩 페이지는 제외했습니다.,Public title/DOI/cover searches did not verify a separate publisher promotion. Original article landing pages were excluded.
55,linkedin,searched_no_match,DOI로 공개 LinkedIn 검색 색인을 조회했지만 해당 논문의 게시물을 식별하지 못했습니다. 로그인한 피드는 조사하지 않았습니다.,DOI-targeted public LinkedIn-index searches did not identify a matching post; authenticated feeds were not searched.
55,other_outreach,searched_no_match,논문 제목·DOI의 일반 웹 검색과 공개 연구실 뉴스에서 조사했습니다. 채널 전체를 전수 조사한 결과는 아닙니다.,Reviewed broad title/DOI web searches and public lab news. This is not exhaustive channel coverage.
54,institutional,searched_no_match,논문 제목·DOI의 일반 웹 검색과 공개 연구실 뉴스에서 조사했습니다. 채널 전체를 전수 조사한 결과는 아닙니다.,Reviewed broad title/DOI web searches and public lab news. This is not exhaustive channel coverage.
54,independent_media,searched_no_match,논문 제목·DOI의 일반 웹 검색과 공개 연구실 뉴스에서 조사했습니다. 채널 전체를 전수 조사한 결과는 아닙니다.,Reviewed broad title/DOI web searches and public lab news. This is not exhaustive channel coverage.
54,publisher_promotion,searched_no_match,제목·DOI·표지 관련 공개 검색을 확인했으나 별도 출판사 홍보를 확인하지 못했습니다. 원문 랜딩 페이지는 제외했습니다. 표지 선정 자체 공지는 별도 other_outreach로 기록했습니다.,Public title/DOI/cover searches did not verify a separate publisher promotion. Original article landing pages were excluded. The lab's cover-selection announcement is recorded separately under other_outreach.
54,linkedin,searched_no_match,DOI로 공개 LinkedIn 검색 색인을 조회했지만 해당 논문의 게시물을 식별하지 못했습니다. 로그인한 피드는 조사하지 않았습니다.,DOI-targeted public LinkedIn-index searches did not identify a matching post; authenticated feeds were not searched.
54,other_outreach,verified_link,공개 연구실 공지 본문 또는 연결 이미지에서 논문을 식별했습니다. 연구실 자체 홍보입니다.,Identified the paper in a public lab announcement or linked image. This is lab self-promotion.
53,institutional,searched_no_match,논문 제목·DOI의 일반 웹 검색과 공개 연구실 뉴스에서 조사했습니다. 채널 전체를 전수 조사한 결과는 아닙니다.,Reviewed broad title/DOI web searches and public lab news. This is not exhaustive channel coverage.
53,independent_media,searched_no_match,논문 제목·DOI의 일반 웹 검색과 공개 연구실 뉴스에서 조사했습니다. 채널 전체를 전수 조사한 결과는 아닙니다.,Reviewed broad title/DOI web searches and public lab news. This is not exhaustive channel coverage.
53,publisher_promotion,searched_no_match,제목·DOI·표지 관련 공개 검색을 확인했으나 별도 출판사 홍보를 확인하지 못했습니다. 원문 랜딩 페이지는 제외했습니다.,Public title/DOI/cover searches did not verify a separate publisher promotion. Original article landing pages were excluded.
53,linkedin,searched_no_match,DOI로 공개 LinkedIn 검색 색인을 조회했지만 해당 논문의 게시물을 식별하지 못했습니다. 로그인한 피드는 조사하지 않았습니다.,DOI-targeted public LinkedIn-index searches did not identify a matching post; authenticated feeds were not searched.
53,other_outreach,searched_no_match,논문 제목·DOI의 일반 웹 검색과 공개 연구실 뉴스에서 조사했습니다. 채널 전체를 전수 조사한 결과는 아닙니다.,Reviewed broad title/DOI web searches and public lab news. This is not exhaustive channel coverage.
52,institutional,searched_no_match,논문 제목·DOI의 일반 웹 검색과 공개 연구실 뉴스에서 조사했습니다. 채널 전체를 전수 조사한 결과는 아닙니다.,Reviewed broad title/DOI web searches and public lab news. This is not exhaustive channel coverage.
52,independent_media,searched_no_match,논문 제목·DOI의 일반 웹 검색과 공개 연구실 뉴스에서 조사했습니다. 채널 전체를 전수 조사한 결과는 아닙니다.,Reviewed broad title/DOI web searches and public lab news. This is not exhaustive channel coverage.
52,publisher_promotion,searched_no_match,제목·DOI·표지 관련 공개 검색을 확인했으나 별도 출판사 홍보를 확인하지 못했습니다. 원문 랜딩 페이지는 제외했습니다.,Public title/DOI/cover searches did not verify a separate publisher promotion. Original article landing pages were excluded.
52,linkedin,searched_no_match,DOI로 공개 LinkedIn 검색 색인을 조회했지만 해당 논문의 게시물을 식별하지 못했습니다. 로그인한 피드는 조사하지 않았습니다.,DOI-targeted public LinkedIn-index searches did not identify a matching post; authenticated feeds were not searched.
52,other_outreach,searched_no_match,논문 제목·DOI의 일반 웹 검색과 공개 연구실 뉴스에서 조사했습니다. 채널 전체를 전수 조사한 결과는 아닙니다.,Reviewed broad title/DOI web searches and public lab news. This is not exhaustive channel coverage.
51,institutional,searched_no_match,논문 제목·DOI의 일반 웹 검색과 공개 연구실 뉴스에서 조사했습니다. 채널 전체를 전수 조사한 결과는 아닙니다.,Reviewed broad title/DOI web searches and public lab news. This is not exhaustive channel coverage.
51,independent_media,searched_no_match,논문 제목·DOI의 일반 웹 검색과 공개 연구실 뉴스에서 조사했습니다. 채널 전체를 전수 조사한 결과는 아닙니다.,Reviewed broad title/DOI web searches and public lab news. This is not exhaustive channel coverage.
51,publisher_promotion,searched_no_match,제목·DOI·표지 관련 공개 검색을 확인했으나 별도 출판사 홍보를 확인하지 못했습니다. 원문 랜딩 페이지는 제외했습니다. 표지 선정 자체 공지는 별도 other_outreach로 기록했습니다.,Public title/DOI/cover searches did not verify a separate publisher promotion. Original article landing pages were excluded. The lab's cover-selection announcement is recorded separately under other_outreach.
51,linkedin,searched_no_match,DOI로 공개 LinkedIn 검색 색인을 조회했지만 해당 논문의 게시물을 식별하지 못했습니다. 로그인한 피드는 조사하지 않았습니다.,DOI-targeted public LinkedIn-index searches did not identify a matching post; authenticated feeds were not searched.
51,other_outreach,verified_link,공개 연구실 공지 본문 또는 연결 이미지에서 논문을 식별했습니다. 연구실 자체 홍보입니다.,Identified the paper in a public lab announcement or linked image. This is lab self-promotion.
50,institutional,searched_no_match,제목·주제 기반의 공개 웹 검색으로 넓게 조사했다. 해당 채널의 별도 소개를 확인하지 못했으며 완전한 부재를 뜻하지 않는다.,Covered broadly through title/topic public-web searches. No separate feature was verified; this does not establish absence.
50,independent_media,searched_no_match,제목·주제 기반의 공개 웹 검색으로 넓게 조사했다. 해당 채널의 별도 소개를 확인하지 못했으며 완전한 부재를 뜻하지 않는다.,Covered broadly through title/topic public-web searches. No separate feature was verified; this does not establish absence.
50,publisher_promotion,searched_no_match,출판사·DOI를 포함한 검색을 수행했다. 원논문·보충자료·서지 목록을 제외하고 별도 소개를 확인하지 못했다.,"Publisher/DOI-oriented searches found no verified separate promotion after excluding original papers, supplements and bibliographic lists."
50,linkedin,searched_no_match,"공개 색인 검색에서 개별 게시물을 확인하지 못했다. 로그인하지 않았고, 비공개·색인되지 않은 글은 범위 밖이다.",No individual post verified through public indexing. No login was used; private and unindexed posts are outside scope.
50,other_outreach,searched_no_match,제목·주제 기반의 공개 웹 검색으로 넓게 조사했다. 해당 채널의 별도 소개를 확인하지 못했으며 완전한 부재를 뜻하지 않는다.,Covered broadly through title/topic public-web searches. No separate feature was verified; this does not establish absence.
49,institutional,searched_no_match,제목·주제 기반의 공개 웹 검색으로 넓게 조사했다. 해당 채널의 별도 소개를 확인하지 못했으며 완전한 부재를 뜻하지 않는다.,Covered broadly through title/topic public-web searches. No separate feature was verified; this does not establish absence.
49,independent_media,searched_no_match,제목·주제 기반의 공개 웹 검색으로 넓게 조사했다. 해당 채널의 별도 소개를 확인하지 못했으며 완전한 부재를 뜻하지 않는다.,Covered broadly through title/topic public-web searches. No separate feature was verified; this does not establish absence.
49,publisher_promotion,searched_no_match,출판사·DOI를 포함한 검색을 수행했다. 원논문·보충자료·서지 목록을 제외하고 별도 소개를 확인하지 못했다.,"Publisher/DOI-oriented searches found no verified separate promotion after excluding original papers, supplements and bibliographic lists."
49,linkedin,searched_no_match,"공개 색인 검색에서 개별 게시물을 확인하지 못했다. 로그인하지 않았고, 비공개·색인되지 않은 글은 범위 밖이다.",No individual post verified through public indexing. No login was used; private and unindexed posts are outside scope.
49,other_outreach,searched_no_match,제목·주제 기반의 공개 웹 검색으로 넓게 조사했다. 해당 채널의 별도 소개를 확인하지 못했으며 완전한 부재를 뜻하지 않는다.,Covered broadly through title/topic public-web searches. No separate feature was verified; this does not establish absence.
48,institutional,searched_no_match,제목·주제 기반의 공개 웹 검색으로 넓게 조사했다. 해당 채널의 별도 소개를 확인하지 못했으며 완전한 부재를 뜻하지 않는다.,Covered broadly through title/topic public-web searches. No separate feature was verified; this does not establish absence.
48,independent_media,searched_no_match,제목·주제 기반의 공개 웹 검색으로 넓게 조사했다. 해당 채널의 별도 소개를 확인하지 못했으며 완전한 부재를 뜻하지 않는다.,Covered broadly through title/topic public-web searches. No separate feature was verified; this does not establish absence.
48,publisher_promotion,candidate_only,접근이 제한된 후보 1건. 확인된 홍보 자료로 집계하지 않는다.,"1 access-limited candidate(s), excluded from verified coverage."
48,linkedin,searched_no_match,"공개 색인 검색에서 개별 게시물을 확인하지 못했다. 로그인하지 않았고, 비공개·색인되지 않은 글은 범위 밖이다.",No individual post verified through public indexing. No login was used; private and unindexed posts are outside scope.
48,other_outreach,verified_link,본문을 읽고 논문과 연결한 자료 1건. 연구실 자체 발표나 출처가 명시된 재소개로 표시한다.,1 body-read item(s) matched to the paper. Lab self-promotion or attributed re-summaries are labeled explicitly.
47,institutional,searched_no_match,제목·주제 기반의 공개 웹 검색으로 넓게 조사했다. 해당 채널의 별도 소개를 확인하지 못했으며 완전한 부재를 뜻하지 않는다.,Covered broadly through title/topic public-web searches. No separate feature was verified; this does not establish absence.
47,independent_media,searched_no_match,제목·주제 기반의 공개 웹 검색으로 넓게 조사했다. 해당 채널의 별도 소개를 확인하지 못했으며 완전한 부재를 뜻하지 않는다.,Covered broadly through title/topic public-web searches. No separate feature was verified; this does not establish absence.
47,publisher_promotion,searched_no_match,출판사·DOI를 포함한 검색을 수행했다. 원논문·보충자료·서지 목록을 제외하고 별도 소개를 확인하지 못했다.,"Publisher/DOI-oriented searches found no verified separate promotion after excluding original papers, supplements and bibliographic lists."
47,linkedin,searched_no_match,"공개 색인 검색에서 개별 게시물을 확인하지 못했다. 로그인하지 않았고, 비공개·색인되지 않은 글은 범위 밖이다.",No individual post verified through public indexing. No login was used; private and unindexed posts are outside scope.
47,other_outreach,searched_no_match,제목·주제 기반의 공개 웹 검색으로 넓게 조사했다. 해당 채널의 별도 소개를 확인하지 못했으며 완전한 부재를 뜻하지 않는다.,Covered broadly through title/topic public-web searches. No separate feature was verified; this does not establish absence.
46,institutional,searched_no_match,제목·주제 기반의 공개 웹 검색으로 넓게 조사했다. 해당 채널의 별도 소개를 확인하지 못했으며 완전한 부재를 뜻하지 않는다.,Covered broadly through title/topic public-web searches. No separate feature was verified; this does not establish absence.
46,independent_media,searched_no_match,제목·주제 기반의 공개 웹 검색으로 넓게 조사했다. 해당 채널의 별도 소개를 확인하지 못했으며 완전한 부재를 뜻하지 않는다.,Covered broadly through title/topic public-web searches. No separate feature was verified; this does not establish absence.
46,publisher_promotion,searched_no_match,출판사·DOI를 포함한 검색을 수행했다. 원논문·보충자료·서지 목록을 제외하고 별도 소개를 확인하지 못했다.,"Publisher/DOI-oriented searches found no verified separate promotion after excluding original papers, supplements and bibliographic lists."
46,linkedin,searched_no_match,"공개 색인 검색에서 개별 게시물을 확인하지 못했다. 로그인하지 않았고, 비공개·색인되지 않은 글은 범위 밖이다.",No individual post verified through public indexing. No login was used; private and unindexed posts are outside scope.
46,other_outreach,searched_no_match,제목·주제 기반의 공개 웹 검색으로 넓게 조사했다. 해당 채널의 별도 소개를 확인하지 못했으며 완전한 부재를 뜻하지 않는다.,Covered broadly through title/topic public-web searches. No separate feature was verified; this does not establish absence.
45,institutional,searched_no_match,제목·주제 기반의 공개 웹 검색으로 넓게 조사했다. 해당 채널의 별도 소개를 확인하지 못했으며 완전한 부재를 뜻하지 않는다.,Covered broadly through title/topic public-web searches. No separate feature was verified; this does not establish absence.
45,independent_media,searched_no_match,제목·주제 기반의 공개 웹 검색으로 넓게 조사했다. 해당 채널의 별도 소개를 확인하지 못했으며 완전한 부재를 뜻하지 않는다.,Covered broadly through title/topic public-web searches. No separate feature was verified; this does not establish absence.
45,publisher_promotion,searched_no_match,출판사·DOI를 포함한 검색을 수행했다. 원논문·보충자료·서지 목록을 제외하고 별도 소개를 확인하지 못했다.,"Publisher/DOI-oriented searches found no verified separate promotion after excluding original papers, supplements and bibliographic lists."
45,linkedin,searched_no_match,"공개 색인 검색에서 개별 게시물을 확인하지 못했다. 로그인하지 않았고, 비공개·색인되지 않은 글은 범위 밖이다.",No individual post verified through public indexing. No login was used; private and unindexed posts are outside scope.
45,other_outreach,searched_no_match,제목·주제 기반의 공개 웹 검색으로 넓게 조사했다. 해당 채널의 별도 소개를 확인하지 못했으며 완전한 부재를 뜻하지 않는다.,Covered broadly through title/topic public-web searches. No separate feature was verified; this does not establish absence.
44,institutional,searched_no_match,제목·주제 기반의 공개 웹 검색으로 넓게 조사했다. 해당 채널의 별도 소개를 확인하지 못했으며 완전한 부재를 뜻하지 않는다.,Covered broadly through title/topic public-web searches. No separate feature was verified; this does not establish absence.
44,independent_media,searched_no_match,제목·주제 기반의 공개 웹 검색으로 넓게 조사했다. 해당 채널의 별도 소개를 확인하지 못했으며 완전한 부재를 뜻하지 않는다.,Covered broadly through title/topic public-web searches. No separate feature was verified; this does not establish absence.
44,publisher_promotion,verified_link,본문을 읽고 논문과 연결한 자료 1건.,1 body-read item(s) matched to the paper.
44,linkedin,searched_no_match,"공개 색인 검색에서 개별 게시물을 확인하지 못했다. 로그인하지 않았고, 비공개·색인되지 않은 글은 범위 밖이다.",No individual post verified through public indexing. No login was used; private and unindexed posts are outside scope.
44,other_outreach,searched_no_match,제목·주제 기반의 공개 웹 검색으로 넓게 조사했다. 해당 채널의 별도 소개를 확인하지 못했으며 완전한 부재를 뜻하지 않는다.,Covered broadly through title/topic public-web searches. No separate feature was verified; this does not establish absence.
43,institutional,searched_no_match,KIST·연세대 기관 도메인도 검색했지만 KIST 원 보도자료 본문을 확보하지 못했다. 언론 보도와 연구실 자체 발표는 다른 채널에 기록했다.,KIST/Yonsei-domain searches did not verify the original KIST release. Media coverage and the lab post are recorded in their respective channels.
43,independent_media,verified_link,본문을 읽고 논문과 연결한 자료 4건. 매체 게재와 독립 취재 여부는 구별하며 editorial_type을 따른다.,4 body-read item(s) matched to the paper. Media hosting and independent reporting are distinguished by editorial_type.
43,publisher_promotion,searched_no_match,출판사·DOI를 포함한 검색을 수행했다. 원논문·보충자료·서지 목록을 제외하고 별도 소개를 확인하지 못했다.,"Publisher/DOI-oriented searches found no verified separate promotion after excluding original papers, supplements and bibliographic lists."
43,linkedin,searched_no_match,"공개 색인 검색에서 개별 게시물을 확인하지 못했다. 로그인하지 않았고, 비공개·색인되지 않은 글은 범위 밖이다.",No individual post verified through public indexing. No login was used; private and unindexed posts are outside scope.
43,other_outreach,verified_link,본문을 읽고 논문과 연결한 자료 1건. 연구실 자체 발표나 출처가 명시된 재소개로 표시한다.,1 body-read item(s) matched to the paper. Lab self-promotion or attributed re-summaries are labeled explicitly.
42,institutional,searched_no_match,제목·주제 기반의 공개 웹 검색으로 넓게 조사했다. 해당 채널의 별도 소개를 확인하지 못했으며 완전한 부재를 뜻하지 않는다.,Covered broadly through title/topic public-web searches. No separate feature was verified; this does not establish absence.
42,independent_media,searched_no_match,제목·주제 기반의 공개 웹 검색으로 넓게 조사했다. 해당 채널의 별도 소개를 확인하지 못했으며 완전한 부재를 뜻하지 않는다.,Covered broadly through title/topic public-web searches. No separate feature was verified; this does not establish absence.
42,publisher_promotion,searched_no_match,출판사·DOI를 포함한 검색을 수행했다. 원논문·보충자료·서지 목록을 제외하고 별도 소개를 확인하지 못했다.,"Publisher/DOI-oriented searches found no verified separate promotion after excluding original papers, supplements and bibliographic lists."
42,linkedin,searched_no_match,"공개 색인 검색에서 개별 게시물을 확인하지 못했다. 로그인하지 않았고, 비공개·색인되지 않은 글은 범위 밖이다.",No individual post verified through public indexing. No login was used; private and unindexed posts are outside scope.
42,other_outreach,searched_no_match,제목·주제 기반의 공개 웹 검색으로 넓게 조사했다. 해당 채널의 별도 소개를 확인하지 못했으며 완전한 부재를 뜻하지 않는다.,Covered broadly through title/topic public-web searches. No separate feature was verified; this does not establish absence.
41,institutional,searched_no_match,제목·주제 기반의 공개 웹 검색으로 넓게 조사했다. 해당 채널의 별도 소개를 확인하지 못했으며 완전한 부재를 뜻하지 않는다.,Covered broadly through title/topic public-web searches. No separate feature was verified; this does not establish absence.
41,independent_media,searched_no_match,제목·주제 기반의 공개 웹 검색으로 넓게 조사했다. 해당 채널의 별도 소개를 확인하지 못했으며 완전한 부재를 뜻하지 않는다.,Covered broadly through title/topic public-web searches. No separate feature was verified; this does not establish absence.
41,publisher_promotion,searched_no_match,출판사·DOI를 포함한 검색을 수행했다. 원논문·보충자료·서지 목록을 제외하고 별도 소개를 확인하지 못했다.,"Publisher/DOI-oriented searches found no verified separate promotion after excluding original papers, supplements and bibliographic lists."
41,linkedin,searched_no_match,"공개 색인 검색에서 개별 게시물을 확인하지 못했다. 로그인하지 않았고, 비공개·색인되지 않은 글은 범위 밖이다.",No individual post verified through public indexing. No login was used; private and unindexed posts are outside scope.
41,other_outreach,searched_no_match,제목·주제 기반의 공개 웹 검색으로 넓게 조사했다. 해당 채널의 별도 소개를 확인하지 못했으며 완전한 부재를 뜻하지 않는다.,Covered broadly through title/topic public-web searches. No separate feature was verified; this does not establish absence.
40,institutional,searched_no_match,제목·주제 기반의 공개 웹 검색으로 넓게 조사했다. 해당 채널의 별도 소개를 확인하지 못했으며 완전한 부재를 뜻하지 않는다.,Covered broadly through title/topic public-web searches. No separate feature was verified; this does not establish absence.
40,independent_media,searched_no_match,제목·주제 기반의 공개 웹 검색으로 넓게 조사했다. 해당 채널의 별도 소개를 확인하지 못했으며 완전한 부재를 뜻하지 않는다.,Covered broadly through title/topic public-web searches. No separate feature was verified; this does not establish absence.
40,publisher_promotion,searched_no_match,출판사·DOI를 포함한 검색을 수행했다. 원논문·보충자료·서지 목록을 제외하고 별도 소개를 확인하지 못했다.,"Publisher/DOI-oriented searches found no verified separate promotion after excluding original papers, supplements and bibliographic lists."
40,linkedin,searched_no_match,"공개 색인 검색에서 개별 게시물을 확인하지 못했다. 로그인하지 않았고, 비공개·색인되지 않은 글은 범위 밖이다.",No individual post verified through public indexing. No login was used; private and unindexed posts are outside scope.
40,other_outreach,searched_no_match,제목·주제 기반의 공개 웹 검색으로 넓게 조사했다. 해당 채널의 별도 소개를 확인하지 못했으며 완전한 부재를 뜻하지 않는다.,Covered broadly through title/topic public-web searches. No separate feature was verified; this does not establish absence.
39,institutional,searched_no_match,제목·주제 기반의 공개 웹 검색으로 넓게 조사했다. 해당 채널의 별도 소개를 확인하지 못했으며 완전한 부재를 뜻하지 않는다.,Covered broadly through title/topic public-web searches. No separate feature was verified; this does not establish absence.
39,independent_media,searched_no_match,제목·주제 기반의 공개 웹 검색으로 넓게 조사했다. 해당 채널의 별도 소개를 확인하지 못했으며 완전한 부재를 뜻하지 않는다.,Covered broadly through title/topic public-web searches. No separate feature was verified; this does not establish absence.
39,publisher_promotion,searched_no_match,출판사·DOI를 포함한 검색을 수행했다. 원논문·보충자료·서지 목록을 제외하고 별도 소개를 확인하지 못했다.,"Publisher/DOI-oriented searches found no verified separate promotion after excluding original papers, supplements and bibliographic lists."
39,linkedin,searched_no_match,"공개 색인 검색에서 개별 게시물을 확인하지 못했다. 로그인하지 않았고, 비공개·색인되지 않은 글은 범위 밖이다.",No individual post verified through public indexing. No login was used; private and unindexed posts are outside scope.
39,other_outreach,searched_no_match,제목·주제 기반의 공개 웹 검색으로 넓게 조사했다. 해당 채널의 별도 소개를 확인하지 못했으며 완전한 부재를 뜻하지 않는다.,Covered broadly through title/topic public-web searches. No separate feature was verified; this does not establish absence.
38,institutional,searched_no_match,제목·주제 기반의 공개 웹 검색으로 넓게 조사했다. 해당 채널의 별도 소개를 확인하지 못했으며 완전한 부재를 뜻하지 않는다.,Covered broadly through title/topic public-web searches. No separate feature was verified; this does not establish absence.
38,independent_media,searched_no_match,제목·주제 기반의 공개 웹 검색으로 넓게 조사했다. 해당 채널의 별도 소개를 확인하지 못했으며 완전한 부재를 뜻하지 않는다.,Covered broadly through title/topic public-web searches. No separate feature was verified; this does not establish absence.
38,publisher_promotion,searched_no_match,출판사·DOI를 포함한 검색을 수행했다. 원논문·보충자료·서지 목록을 제외하고 별도 소개를 확인하지 못했다.,"Publisher/DOI-oriented searches found no verified separate promotion after excluding original papers, supplements and bibliographic lists."
38,linkedin,searched_no_match,"공개 색인 검색에서 개별 게시물을 확인하지 못했다. 로그인하지 않았고, 비공개·색인되지 않은 글은 범위 밖이다.",No individual post verified through public indexing. No login was used; private and unindexed posts are outside scope.
38,other_outreach,searched_no_match,제목·주제 기반의 공개 웹 검색으로 넓게 조사했다. 해당 채널의 별도 소개를 확인하지 못했으며 완전한 부재를 뜻하지 않는다.,Covered broadly through title/topic public-web searches. No separate feature was verified; this does not establish absence.
37,institutional,searched_no_match,제목·주제 기반의 공개 웹 검색으로 넓게 조사했다. 해당 채널의 별도 소개를 확인하지 못했으며 완전한 부재를 뜻하지 않는다.,Covered broadly through title/topic public-web searches. No separate feature was verified; this does not establish absence.
37,independent_media,searched_no_match,제목·주제 기반의 공개 웹 검색으로 넓게 조사했다. 해당 채널의 별도 소개를 확인하지 못했으며 완전한 부재를 뜻하지 않는다.,Covered broadly through title/topic public-web searches. No separate feature was verified; this does not establish absence.
37,publisher_promotion,searched_no_match,출판사·DOI를 포함한 검색을 수행했다. 원논문·보충자료·서지 목록을 제외하고 별도 소개를 확인하지 못했다.,"Publisher/DOI-oriented searches found no verified separate promotion after excluding original papers, supplements and bibliographic lists."
37,linkedin,searched_no_match,"공개 색인 검색에서 개별 게시물을 확인하지 못했다. 로그인하지 않았고, 비공개·색인되지 않은 글은 범위 밖이다.",No individual post verified through public indexing. No login was used; private and unindexed posts are outside scope.
37,other_outreach,searched_no_match,제목·주제 기반의 공개 웹 검색으로 넓게 조사했다. 해당 채널의 별도 소개를 확인하지 못했으며 완전한 부재를 뜻하지 않는다.,Covered broadly through title/topic public-web searches. No separate feature was verified; this does not establish absence.
36,institutional,verified_link,본문을 읽고 논문과 연결한 자료 1건. SKKU 뉴스레터 해당 절이며 정확한 게시 날짜는 미확인이다.,1 body-read item(s) matched to the paper. This is the relevant SKKU newsletter section; the exact post date is unknown.
36,independent_media,searched_no_match,제목·주제 기반의 공개 웹 검색으로 넓게 조사했다. 해당 채널의 별도 소개를 확인하지 못했으며 완전한 부재를 뜻하지 않는다.,Covered broadly through title/topic public-web searches. No separate feature was verified; this does not establish absence.
36,publisher_promotion,candidate_only,접근이 제한된 후보 1건. 확인된 홍보 자료로 집계하지 않는다.,"1 access-limited candidate(s), excluded from verified coverage."
36,linkedin,searched_no_match,"공개 색인 검색에서 개별 게시물을 확인하지 못했다. 로그인하지 않았고, 비공개·색인되지 않은 글은 범위 밖이다.",No individual post verified through public indexing. No login was used; private and unindexed posts are outside scope.
36,other_outreach,verified_link,본문을 읽고 논문과 연결한 자료 1건. 연구실 자체 발표나 출처가 명시된 재소개로 표시한다.,1 body-read item(s) matched to the paper. Lab self-promotion or attributed re-summaries are labeled explicitly.
35,institutional,searched_no_match,제목·주제 기반의 공개 웹 검색으로 넓게 조사했다. 해당 채널의 별도 소개를 확인하지 못했으며 완전한 부재를 뜻하지 않는다.,Covered broadly through title/topic public-web searches. No separate feature was verified; this does not establish absence.
35,independent_media,verified_link,본문을 읽고 논문과 연결한 자료 1건. 매체 게재와 독립 취재 여부는 구별하며 editorial_type을 따른다.,1 body-read item(s) matched to the paper. Media hosting and independent reporting are distinguished by editorial_type.
35,publisher_promotion,verified_link,본문을 읽고 논문과 연결한 자료 1건.,1 body-read item(s) matched to the paper.
35,linkedin,searched_no_match,"공개 색인 검색에서 개별 게시물을 확인하지 못했다. 로그인하지 않았고, 비공개·색인되지 않은 글은 범위 밖이다.",No individual post verified through public indexing. No login was used; private and unindexed posts are outside scope.
35,other_outreach,verified_link,본문을 읽고 논문과 연결한 자료 1건. 연구실 자체 발표나 출처가 명시된 재소개로 표시한다.,1 body-read item(s) matched to the paper. Lab self-promotion or attributed re-summaries are labeled explicitly.
34,institutional,searched_no_match,제목·주제 기반의 공개 웹 검색으로 넓게 조사했다. 해당 채널의 별도 소개를 확인하지 못했으며 완전한 부재를 뜻하지 않는다.,Covered broadly through title/topic public-web searches. No separate feature was verified; this does not establish absence.
34,independent_media,searched_no_match,제목·주제 기반의 공개 웹 검색으로 넓게 조사했다. 해당 채널의 별도 소개를 확인하지 못했으며 완전한 부재를 뜻하지 않는다.,Covered broadly through title/topic public-web searches. No separate feature was verified; this does not establish absence.
34,publisher_promotion,verified_link,본문을 읽고 논문과 연결한 자료 1건.,1 body-read item(s) matched to the paper.
34,linkedin,searched_no_match,"공개 색인 검색에서 개별 게시물을 확인하지 못했다. 로그인하지 않았고, 비공개·색인되지 않은 글은 범위 밖이다.",No individual post verified through public indexing. No login was used; private and unindexed posts are outside scope.
34,other_outreach,verified_link,본문을 읽고 논문과 연결한 자료 1건. 연구실 자체 발표나 출처가 명시된 재소개로 표시한다.,1 body-read item(s) matched to the paper. Lab self-promotion or attributed re-summaries are labeled explicitly.
33,institutional,verified_link,본문 또는 충분한 공개 본문 구간을 대조한 링크 3개. 연구실 자체 공지·기관 보도 전재는 독립 취재와 구분한다.,3 links matched from actual body text or sufficient public sections. Lab announcements and institutional republications are distinguished from independent reporting.
33,independent_media,searched_no_match,기록된 공개 검색 범위에서 일치 결과를 확인하지 못했다.,No matching result was verified within the recorded public-search scope.
33,publisher_promotion,verified_link,본문 또는 충분한 공개 본문 구간을 대조한 링크 1개.,1 links matched from actual body text or sufficient public sections.
33,linkedin,searched_no_match,제목·DOI 또는 저자/주제의 LinkedIn 공개 검색에서 일치 게시물을 찾지 못했다. 인증 피드는 조사하지 않았다.,No matching LinkedIn post was found via public title/DOI or author/topic queries; authenticated feeds were not searched.
33,other_outreach,searched_no_match,정확 제목·연구 주제를 사용한 넓은 공개 검색에서 검증 가능한 별도 홍보를 찾지 못했다.,Broad public title/topic searches found no verifiable additional outreach.
32,institutional,verified_link,본문 또는 충분한 공개 본문 구간을 대조한 링크 1개. 연구실 자체 공지·기관 보도 전재는 독립 취재와 구분한다.,1 links matched from actual body text or sufficient public sections. Lab announcements and institutional republications are distinguished from independent reporting.
32,independent_media,searched_no_match,기록된 공개 검색 범위에서 일치 결과를 확인하지 못했다.,No matching result was verified within the recorded public-search scope.
32,publisher_promotion,searched_no_match,별도 출판사 홍보물을 확인하지 못했다. 원논문 페이지는 홍보물에서 제외했다.,No separate publisher promotion was verified; original article pages were excluded.
32,linkedin,searched_no_match,제목·DOI 또는 저자/주제의 LinkedIn 공개 검색에서 일치 게시물을 찾지 못했다. 인증 피드는 조사하지 않았다.,No matching LinkedIn post was found via public title/DOI or author/topic queries; authenticated feeds were not searched.
32,other_outreach,searched_no_match,정확 제목·연구 주제를 사용한 넓은 공개 검색에서 검증 가능한 별도 홍보를 찾지 못했다.,Broad public title/topic searches found no verifiable additional outreach.
31,institutional,verified_link,본문 또는 충분한 공개 본문 구간을 대조한 링크 1개. 연구실 자체 공지·기관 보도 전재는 독립 취재와 구분한다.,1 links matched from actual body text or sufficient public sections. Lab announcements and institutional republications are distinguished from independent reporting.
31,independent_media,searched_no_match,기록된 공개 검색 범위에서 일치 결과를 확인하지 못했다.,No matching result was verified within the recorded public-search scope.
31,publisher_promotion,searched_no_match,별도 출판사 홍보물을 확인하지 못했다. 원논문 페이지는 홍보물에서 제외했다.,No separate publisher promotion was verified; original article pages were excluded.
31,linkedin,searched_no_match,제목·DOI 또는 저자/주제의 LinkedIn 공개 검색에서 일치 게시물을 찾지 못했다. 인증 피드는 조사하지 않았다.,No matching LinkedIn post was found via public title/DOI or author/topic queries; authenticated feeds were not searched.
31,other_outreach,access_limited,후보 1개를 발견했으나 동일 논문 확인 또는 본문 접근이 충분하지 않다.,"Found 1 candidates, but body access or exact paper association remains insufficient."
30,institutional,verified_link,본문 또는 충분한 공개 본문 구간을 대조한 링크 1개. 연구실 자체 공지·기관 보도 전재는 독립 취재와 구분한다.,1 links matched from actual body text or sufficient public sections. Lab announcements and institutional republications are distinguished from independent reporting.
30,independent_media,searched_no_match,기록된 공개 검색 범위에서 일치 결과를 확인하지 못했다.,No matching result was verified within the recorded public-search scope.
30,publisher_promotion,searched_no_match,별도 출판사 홍보물을 확인하지 못했다. 원논문 페이지는 홍보물에서 제외했다.,No separate publisher promotion was verified; original article pages were excluded.
30,linkedin,searched_no_match,제목·DOI 또는 저자/주제의 LinkedIn 공개 검색에서 일치 게시물을 찾지 못했다. 인증 피드는 조사하지 않았다.,No matching LinkedIn post was found via public title/DOI or author/topic queries; authenticated feeds were not searched.
30,other_outreach,searched_no_match,정확 제목·연구 주제를 사용한 넓은 공개 검색에서 검증 가능한 별도 홍보를 찾지 못했다.,Broad public title/topic searches found no verifiable additional outreach.
29,institutional,verified_link,본문 또는 충분한 공개 본문 구간을 대조한 링크 1개. 연구실 자체 공지·기관 보도 전재는 독립 취재와 구분한다.,1 links matched from actual body text or sufficient public sections. Lab announcements and institutional republications are distinguished from independent reporting.
29,independent_media,searched_no_match,기록된 공개 검색 범위에서 일치 결과를 확인하지 못했다.,No matching result was verified within the recorded public-search scope.
29,publisher_promotion,searched_no_match,별도 출판사 홍보물을 확인하지 못했다. 원논문 페이지는 홍보물에서 제외했다.,No separate publisher promotion was verified; original article pages were excluded.
29,linkedin,searched_no_match,제목·DOI 또는 저자/주제의 LinkedIn 공개 검색에서 일치 게시물을 찾지 못했다. 인증 피드는 조사하지 않았다.,No matching LinkedIn post was found via public title/DOI or author/topic queries; authenticated feeds were not searched.
29,other_outreach,searched_no_match,정확 제목·연구 주제를 사용한 넓은 공개 검색에서 검증 가능한 별도 홍보를 찾지 못했다.,Broad public title/topic searches found no verifiable additional outreach.
28,institutional,verified_link,본문 또는 충분한 공개 본문 구간을 대조한 링크 1개. 연구실 자체 공지·기관 보도 전재는 독립 취재와 구분한다.,1 links matched from actual body text or sufficient public sections. Lab announcements and institutional republications are distinguished from independent reporting.
28,independent_media,searched_no_match,기록된 공개 검색 범위에서 일치 결과를 확인하지 못했다.,No matching result was verified within the recorded public-search scope.
28,publisher_promotion,searched_no_match,별도 출판사 홍보물을 확인하지 못했다. 원논문 페이지는 홍보물에서 제외했다.,No separate publisher promotion was verified; original article pages were excluded.
28,linkedin,searched_no_match,제목·DOI 또는 저자/주제의 LinkedIn 공개 검색에서 일치 게시물을 찾지 못했다. 인증 피드는 조사하지 않았다.,No matching LinkedIn post was found via public title/DOI or author/topic queries; authenticated feeds were not searched.
28,other_outreach,searched_no_match,정확 제목·연구 주제를 사용한 넓은 공개 검색에서 검증 가능한 별도 홍보를 찾지 못했다.,Broad public title/topic searches found no verifiable additional outreach.
27,institutional,verified_link,본문 또는 충분한 공개 본문 구간을 대조한 링크 1개. 연구실 자체 공지·기관 보도 전재는 독립 취재와 구분한다.,1 links matched from actual body text or sufficient public sections. Lab announcements and institutional republications are distinguished from independent reporting.
27,independent_media,searched_no_match,기록된 공개 검색 범위에서 일치 결과를 확인하지 못했다.,No matching result was verified within the recorded public-search scope.
27,publisher_promotion,searched_no_match,별도 출판사 홍보물을 확인하지 못했다. 원논문 페이지는 홍보물에서 제외했다.,No separate publisher promotion was verified; original article pages were excluded.
27,linkedin,searched_no_match,제목·DOI 또는 저자/주제의 LinkedIn 공개 검색에서 일치 게시물을 찾지 못했다. 인증 피드는 조사하지 않았다.,No matching LinkedIn post was found via public title/DOI or author/topic queries; authenticated feeds were not searched.
27,other_outreach,searched_no_match,정확 제목·연구 주제를 사용한 넓은 공개 검색에서 검증 가능한 별도 홍보를 찾지 못했다.,Broad public title/topic searches found no verifiable additional outreach.
26,institutional,verified_link,본문 또는 충분한 공개 본문 구간을 대조한 링크 1개. 연구실 자체 공지·기관 보도 전재는 독립 취재와 구분한다.,1 links matched from actual body text or sufficient public sections. Lab announcements and institutional republications are distinguished from independent reporting.
26,independent_media,searched_no_match,기록된 공개 검색 범위에서 일치 결과를 확인하지 못했다.,No matching result was verified within the recorded public-search scope.
26,publisher_promotion,searched_no_match,별도 출판사 홍보물을 확인하지 못했다. 원논문 페이지는 홍보물에서 제외했다.,No separate publisher promotion was verified; original article pages were excluded.
26,linkedin,searched_no_match,제목·DOI 또는 저자/주제의 LinkedIn 공개 검색에서 일치 게시물을 찾지 못했다. 인증 피드는 조사하지 않았다.,No matching LinkedIn post was found via public title/DOI or author/topic queries; authenticated feeds were not searched.
26,other_outreach,searched_no_match,정확 제목·연구 주제를 사용한 넓은 공개 검색에서 검증 가능한 별도 홍보를 찾지 못했다.,Broad public title/topic searches found no verifiable additional outreach.
25,institutional,access_limited,후보 1개를 발견했으나 동일 논문 확인 또는 본문 접근이 충분하지 않다.,"Found 1 candidates, but body access or exact paper association remains insufficient."
25,independent_media,searched_no_match,기록된 공개 검색 범위에서 일치 결과를 확인하지 못했다.,No matching result was verified within the recorded public-search scope.
25,publisher_promotion,searched_no_match,별도 출판사 홍보물을 확인하지 못했다. 원논문 페이지는 홍보물에서 제외했다.,No separate publisher promotion was verified; original article pages were excluded.
25,linkedin,searched_no_match,제목·DOI 또는 저자/주제의 LinkedIn 공개 검색에서 일치 게시물을 찾지 못했다. 인증 피드는 조사하지 않았다.,No matching LinkedIn post was found via public title/DOI or author/topic queries; authenticated feeds were not searched.
25,other_outreach,searched_no_match,정확 제목·연구 주제를 사용한 넓은 공개 검색에서 검증 가능한 별도 홍보를 찾지 못했다.,Broad public title/topic searches found no verifiable additional outreach.
24,institutional,verified_link,본문 또는 충분한 공개 본문 구간을 대조한 링크 1개. 연구실 자체 공지·기관 보도 전재는 독립 취재와 구분한다.,1 links matched from actual body text or sufficient public sections. Lab announcements and institutional republications are distinguished from independent reporting.
24,independent_media,searched_no_match,기록된 공개 검색 범위에서 일치 결과를 확인하지 못했다.,No matching result was verified within the recorded public-search scope.
24,publisher_promotion,searched_no_match,별도 출판사 홍보물을 확인하지 못했다. 원논문 페이지는 홍보물에서 제외했다.,No separate publisher promotion was verified; original article pages were excluded.
24,linkedin,searched_no_match,제목·DOI 또는 저자/주제의 LinkedIn 공개 검색에서 일치 게시물을 찾지 못했다. 인증 피드는 조사하지 않았다.,No matching LinkedIn post was found via public title/DOI or author/topic queries; authenticated feeds were not searched.
24,other_outreach,searched_no_match,정확 제목·연구 주제를 사용한 넓은 공개 검색에서 검증 가능한 별도 홍보를 찾지 못했다.,Broad public title/topic searches found no verifiable additional outreach.
23,institutional,verified_link,본문 또는 충분한 공개 본문 구간을 대조한 링크 1개. 연구실 자체 공지·기관 보도 전재는 독립 취재와 구분한다.,1 links matched from actual body text or sufficient public sections. Lab announcements and institutional republications are distinguished from independent reporting.
23,independent_media,searched_no_match,기록된 공개 검색 범위에서 일치 결과를 확인하지 못했다.,No matching result was verified within the recorded public-search scope.
23,publisher_promotion,searched_no_match,별도 출판사 홍보물을 확인하지 못했다. 원논문 페이지는 홍보물에서 제외했다.,No separate publisher promotion was verified; original article pages were excluded.
23,linkedin,searched_no_match,제목·DOI 또는 저자/주제의 LinkedIn 공개 검색에서 일치 게시물을 찾지 못했다. 인증 피드는 조사하지 않았다.,No matching LinkedIn post was found via public title/DOI or author/topic queries; authenticated feeds were not searched.
23,other_outreach,searched_no_match,정확 제목·연구 주제를 사용한 넓은 공개 검색에서 검증 가능한 별도 홍보를 찾지 못했다.,Broad public title/topic searches found no verifiable additional outreach.
22,institutional,searched_no_match,기록된 공개 검색 범위에서 일치 결과를 확인하지 못했다.,No matching result was verified within the recorded public-search scope.
22,independent_media,searched_no_match,기록된 공개 검색 범위에서 일치 결과를 확인하지 못했다.,No matching result was verified within the recorded public-search scope.
22,publisher_promotion,searched_no_match,별도 출판사 홍보물을 확인하지 못했다. 원논문 페이지는 홍보물에서 제외했다.,No separate publisher promotion was verified; original article pages were excluded.
22,linkedin,searched_no_match,제목·DOI 또는 저자/주제의 LinkedIn 공개 검색에서 일치 게시물을 찾지 못했다. 인증 피드는 조사하지 않았다.,No matching LinkedIn post was found via public title/DOI or author/topic queries; authenticated feeds were not searched.
22,other_outreach,searched_no_match,정확 제목·연구 주제를 사용한 넓은 공개 검색에서 검증 가능한 별도 홍보를 찾지 못했다.,Broad public title/topic searches found no verifiable additional outreach.
21,institutional,verified_link,본문 또는 충분한 공개 본문 구간을 대조한 링크 1개. 연구실 자체 공지·기관 보도 전재는 독립 취재와 구분한다.,1 links matched from actual body text or sufficient public sections. Lab announcements and institutional republications are distinguished from independent reporting.
21,independent_media,verified_link,본문 또는 충분한 공개 본문 구간을 대조한 링크 2개. 별도로 미확정 후보 2개가 있다.,2 links matched from actual body text or sufficient public sections. A further 2 candidates remain unverified.
21,publisher_promotion,verified_link,본문 또는 충분한 공개 본문 구간을 대조한 링크 1개.,1 links matched from actual body text or sufficient public sections.
21,linkedin,searched_no_match,제목·DOI 또는 저자/주제의 LinkedIn 공개 검색에서 일치 게시물을 찾지 못했다. 인증 피드는 조사하지 않았다.,No matching LinkedIn post was found via public title/DOI or author/topic queries; authenticated feeds were not searched.
21,other_outreach,searched_no_match,정확 제목·연구 주제를 사용한 넓은 공개 검색에서 검증 가능한 별도 홍보를 찾지 못했다.,Broad public title/topic searches found no verifiable additional outreach.
20,institutional,verified_link,본문 또는 충분한 공개 본문 구간을 대조한 링크 2개. 연구실 자체 공지·기관 보도 전재는 독립 취재와 구분한다.,2 links matched from actual body text or sufficient public sections. Lab announcements and institutional republications are distinguished from independent reporting.
20,independent_media,verified_link,본문 또는 충분한 공개 본문 구간을 대조한 링크 2개. 별도로 미확정 후보 3개가 있다.,2 links matched from actual body text or sufficient public sections. A further 3 candidates remain unverified.
20,publisher_promotion,access_limited,후보 1개를 발견했으나 동일 논문 확인 또는 본문 접근이 충분하지 않다.,"Found 1 candidates, but body access or exact paper association remains insufficient."
20,linkedin,searched_no_match,제목·DOI 또는 저자/주제의 LinkedIn 공개 검색에서 일치 게시물을 찾지 못했다. 인증 피드는 조사하지 않았다.,No matching LinkedIn post was found via public title/DOI or author/topic queries; authenticated feeds were not searched.
20,other_outreach,candidate_only,후보 1개를 발견했으나 동일 논문 확인 또는 본문 접근이 충분하지 않다.,"Found 1 candidates, but body access or exact paper association remains insufficient."
19,institutional,verified_link,본문 또는 충분한 공개 본문 구간을 대조한 링크 1개. 연구실 자체 공지·기관 보도 전재는 독립 취재와 구분한다.,1 links matched from actual body text or sufficient public sections. Lab announcements and institutional republications are distinguished from independent reporting.
19,independent_media,searched_no_match,기록된 공개 검색 범위에서 일치 결과를 확인하지 못했다.,No matching result was verified within the recorded public-search scope.
19,publisher_promotion,searched_no_match,별도 출판사 홍보물을 확인하지 못했다. 원논문 페이지는 홍보물에서 제외했다.,No separate publisher promotion was verified; original article pages were excluded.
19,linkedin,searched_no_match,제목·DOI 또는 저자/주제의 LinkedIn 공개 검색에서 일치 게시물을 찾지 못했다. 인증 피드는 조사하지 않았다.,No matching LinkedIn post was found via public title/DOI or author/topic queries; authenticated feeds were not searched.
19,other_outreach,searched_no_match,정확 제목·연구 주제를 사용한 넓은 공개 검색에서 검증 가능한 별도 홍보를 찾지 못했다.,Broad public title/topic searches found no verifiable additional outreach.
18,institutional,verified_link,본문 또는 충분한 공개 본문 구간을 대조한 링크 1개. 연구실 자체 공지·기관 보도 전재는 독립 취재와 구분한다.,1 links matched from actual body text or sufficient public sections. Lab announcements and institutional republications are distinguished from independent reporting.
18,independent_media,searched_no_match,기록된 공개 검색 범위에서 일치 결과를 확인하지 못했다.,No matching result was verified within the recorded public-search scope.
18,publisher_promotion,searched_no_match,별도 출판사 홍보물을 확인하지 못했다. 원논문 페이지는 홍보물에서 제외했다.,No separate publisher promotion was verified; original article pages were excluded.
18,linkedin,searched_no_match,제목·DOI 또는 저자/주제의 LinkedIn 공개 검색에서 일치 게시물을 찾지 못했다. 인증 피드는 조사하지 않았다.,No matching LinkedIn post was found via public title/DOI or author/topic queries; authenticated feeds were not searched.
18,other_outreach,searched_no_match,정확 제목·연구 주제를 사용한 넓은 공개 검색에서 검증 가능한 별도 홍보를 찾지 못했다.,Broad public title/topic searches found no verifiable additional outreach.
17,institutional,verified_link,본문 또는 충분한 공개 본문 구간을 대조한 링크 1개. 연구실 자체 공지·기관 보도 전재는 독립 취재와 구분한다.,1 links matched from actual body text or sufficient public sections. Lab announcements and institutional republications are distinguished from independent reporting.
17,independent_media,searched_no_match,기록된 공개 검색 범위에서 일치 결과를 확인하지 못했다.,No matching result was verified within the recorded public-search scope.
17,publisher_promotion,searched_no_match,별도 출판사 홍보물을 확인하지 못했다. 원논문 페이지는 홍보물에서 제외했다.,No separate publisher promotion was verified; original article pages were excluded.
17,linkedin,searched_no_match,제목·DOI 또는 저자/주제의 LinkedIn 공개 검색에서 일치 게시물을 찾지 못했다. 인증 피드는 조사하지 않았다.,No matching LinkedIn post was found via public title/DOI or author/topic queries; authenticated feeds were not searched.
17,other_outreach,searched_no_match,정확 제목·연구 주제를 사용한 넓은 공개 검색에서 검증 가능한 별도 홍보를 찾지 못했다.,Broad public title/topic searches found no verifiable additional outreach.
16,institutional,verified_link,논문별 NBDL 채택 공지 본문을 확인했습니다. 연구실 자체 홍보입니다.,Verified the paper-specific NBDL acceptance announcement; lab self-promotion.
16,independent_media,searched_no_match,논문 제목·DOI·선택 저자/주제의 일반 웹 검색으로 폭넓게 조사했습니다. 해당 논문을 특정하는 기사 본문은 확인되지 않았으며 모든 언론사의 내부 보관함을 검색한 것은 아닙니다.,"Broad web queries used titles, DOIs and selected author/topic terms. No matching news body was verified; individual news archives were not exhaustively searched."
16,publisher_promotion,searched_no_match,제목·DOI 일반 검색으로 출판사 소개도 함께 조사했습니다. 원논문 페이지·목차의 보통 초록·인용 목록 외에 별도 홍보물을 확인하지 못했습니다.,"Broad title/DOI searches also screened for publisher features. No separate promotion was verified beyond article pages, ordinary table-of-contents abstracts or references."
16,linkedin,searched_no_match,논문 제목·주제의 LinkedIn 대상 공개 검색에서 구체적인 게시물을 확인하지 못했습니다. 일반 프로필과 사이트 제한 밖 결과는 제외했으며 로그인 내부 기록은 확인하지 않았습니다.,No paper-specific LinkedIn post was verified by targeted public-index queries. Generic profiles and off-site results were excluded; logged-in history was not inspected.
16,other_outreach,searched_no_match,제목·DOI 및 연구실 관련 공개 검색에서 기타 소개 자료를 함께 조사했습니다. 해당 논문의 별도 소개를 확인하지 못했습니다. 기관 채널에 기록한 연구실 공지는 중복 집계하지 않았습니다.,Broad title/DOI and lab-related public searches also screened other outreach. No additional matching feature was verified; institutional lab announcements were not double-counted.
15,institutional,verified_link,논문별 NBDL 채택 공지 본문을 확인했습니다. 연구실 자체 홍보입니다.,Verified the paper-specific NBDL acceptance announcement; lab self-promotion.
15,independent_media,searched_no_match,논문 제목·DOI·선택 저자/주제의 일반 웹 검색으로 폭넓게 조사했습니다. 해당 논문을 특정하는 기사 본문은 확인되지 않았으며 모든 언론사의 내부 보관함을 검색한 것은 아닙니다.,"Broad web queries used titles, DOIs and selected author/topic terms. No matching news body was verified; individual news archives were not exhaustively searched."
15,publisher_promotion,searched_no_match,제목·DOI 일반 검색으로 출판사 소개도 함께 조사했습니다. 원논문 페이지·목차의 보통 초록·인용 목록 외에 별도 홍보물을 확인하지 못했습니다.,"Broad title/DOI searches also screened for publisher features. No separate promotion was verified beyond article pages, ordinary table-of-contents abstracts or references."
15,linkedin,searched_no_match,논문 제목·주제의 LinkedIn 대상 공개 검색에서 구체적인 게시물을 확인하지 못했습니다. 일반 프로필과 사이트 제한 밖 결과는 제외했으며 로그인 내부 기록은 확인하지 않았습니다.,No paper-specific LinkedIn post was verified by targeted public-index queries. Generic profiles and off-site results were excluded; logged-in history was not inspected.
15,other_outreach,searched_no_match,제목·DOI 및 연구실 관련 공개 검색에서 기타 소개 자료를 함께 조사했습니다. 해당 논문의 별도 소개를 확인하지 못했습니다. 기관 채널에 기록한 연구실 공지는 중복 집계하지 않았습니다.,Broad title/DOI and lab-related public searches also screened other outreach. No additional matching feature was verified; institutional lab announcements were not double-counted.
14,institutional,verified_link,논문별 NBDL 채택 공지 본문을 확인했습니다. 연구실 자체 홍보입니다.,Verified the paper-specific NBDL acceptance announcement; lab self-promotion.
14,independent_media,searched_no_match,논문 제목·DOI·선택 저자/주제의 일반 웹 검색으로 폭넓게 조사했습니다. 해당 논문을 특정하는 기사 본문은 확인되지 않았으며 모든 언론사의 내부 보관함을 검색한 것은 아닙니다.,"Broad web queries used titles, DOIs and selected author/topic terms. No matching news body was verified; individual news archives were not exhaustively searched."
14,publisher_promotion,verified_link,Wiley의 별도 표지 소개를 호 목차 본문에서 확인했습니다. 개별 표지 페이지의 차단은 확인 범위에 명시했습니다.,Verified Wiley's separate cover feature in the issue-page body; the blocked individual page is disclosed.
14,linkedin,searched_no_match,논문 제목·주제의 LinkedIn 대상 공개 검색에서 구체적인 게시물을 확인하지 못했습니다. 일반 프로필과 사이트 제한 밖 결과는 제외했으며 로그인 내부 기록은 확인하지 않았습니다.,No paper-specific LinkedIn post was verified by targeted public-index queries. Generic profiles and off-site results were excluded; logged-in history was not inspected.
14,other_outreach,searched_no_match,제목·DOI 및 연구실 관련 공개 검색에서 기타 소개 자료를 함께 조사했습니다. 해당 논문의 별도 소개를 확인하지 못했습니다. 기관 채널에 기록한 연구실 공지는 중복 집계하지 않았습니다.,Broad title/DOI and lab-related public searches also screened other outreach. No additional matching feature was verified; institutional lab announcements were not double-counted.
13,institutional,verified_link,논문별 NBDL 채택 공지 본문을 확인했습니다. 연구실 자체 홍보입니다.,Verified the paper-specific NBDL acceptance announcement; lab self-promotion.
13,independent_media,searched_no_match,논문 제목·DOI·선택 저자/주제의 일반 웹 검색으로 폭넓게 조사했습니다. 해당 논문을 특정하는 기사 본문은 확인되지 않았으며 모든 언론사의 내부 보관함을 검색한 것은 아닙니다.,"Broad web queries used titles, DOIs and selected author/topic terms. No matching news body was verified; individual news archives were not exhaustively searched."
13,publisher_promotion,searched_no_match,제목·DOI 일반 검색으로 출판사 소개도 함께 조사했습니다. 원논문 페이지·목차의 보통 초록·인용 목록 외에 별도 홍보물을 확인하지 못했습니다.,"Broad title/DOI searches also screened for publisher features. No separate promotion was verified beyond article pages, ordinary table-of-contents abstracts or references."
13,linkedin,searched_no_match,논문 제목·주제의 LinkedIn 대상 공개 검색에서 구체적인 게시물을 확인하지 못했습니다. 일반 프로필과 사이트 제한 밖 결과는 제외했으며 로그인 내부 기록은 확인하지 않았습니다.,No paper-specific LinkedIn post was verified by targeted public-index queries. Generic profiles and off-site results were excluded; logged-in history was not inspected.
13,other_outreach,searched_no_match,제목·DOI 및 연구실 관련 공개 검색에서 기타 소개 자료를 함께 조사했습니다. 해당 논문의 별도 소개를 확인하지 못했습니다. 기관 채널에 기록한 연구실 공지는 중복 집계하지 않았습니다.,Broad title/DOI and lab-related public searches also screened other outreach. No additional matching feature was verified; institutional lab announcements were not double-counted.
12,institutional,searched_no_match,제목·DOI 일반 검색 및 연세/NBDL 관련 확인 범위에서 별도의 기관 보도나 논문별 공지를 찾지 못했습니다. 일반 논문 목록은 제외했습니다.,No separate institutional release or paper-specific announcement was found in the title/DOI searches and Yonsei/NBDL checks. Generic publication lists were excluded.
12,independent_media,searched_no_match,논문 제목·DOI·선택 저자/주제의 일반 웹 검색으로 폭넓게 조사했습니다. 해당 논문을 특정하는 기사 본문은 확인되지 않았으며 모든 언론사의 내부 보관함을 검색한 것은 아닙니다.,"Broad web queries used titles, DOIs and selected author/topic terms. No matching news body was verified; individual news archives were not exhaustively searched."
12,publisher_promotion,searched_no_match,제목·DOI 일반 검색으로 출판사 소개도 함께 조사했습니다. 원논문 페이지·목차의 보통 초록·인용 목록 외에 별도 홍보물을 확인하지 못했습니다.,"Broad title/DOI searches also screened for publisher features. No separate promotion was verified beyond article pages, ordinary table-of-contents abstracts or references."
12,linkedin,searched_no_match,논문 제목·주제의 LinkedIn 대상 공개 검색에서 구체적인 게시물을 확인하지 못했습니다. 일반 프로필과 사이트 제한 밖 결과는 제외했으며 로그인 내부 기록은 확인하지 않았습니다.,No paper-specific LinkedIn post was verified by targeted public-index queries. Generic profiles and off-site results were excluded; logged-in history was not inspected.
12,other_outreach,searched_no_match,제목·DOI 및 연구실 관련 공개 검색에서 기타 소개 자료를 함께 조사했습니다. 해당 논문의 별도 소개를 확인하지 못했습니다. 기관 채널에 기록한 연구실 공지는 중복 집계하지 않았습니다.,Broad title/DOI and lab-related public searches also screened other outreach. No additional matching feature was verified; institutional lab announcements were not double-counted.
11,institutional,verified_link,논문별 NBDL 채택 공지 본문을 확인했습니다. 연구실 자체 홍보입니다.,Verified the paper-specific NBDL acceptance announcement; lab self-promotion.
11,independent_media,searched_no_match,논문 제목·DOI·선택 저자/주제의 일반 웹 검색으로 폭넓게 조사했습니다. 해당 논문을 특정하는 기사 본문은 확인되지 않았으며 모든 언론사의 내부 보관함을 검색한 것은 아닙니다.,"Broad web queries used titles, DOIs and selected author/topic terms. No matching news body was verified; individual news archives were not exhaustively searched."
11,publisher_promotion,searched_no_match,제목·DOI 일반 검색으로 출판사 소개도 함께 조사했습니다. 원논문 페이지·목차의 보통 초록·인용 목록 외에 별도 홍보물을 확인하지 못했습니다.,"Broad title/DOI searches also screened for publisher features. No separate promotion was verified beyond article pages, ordinary table-of-contents abstracts or references."
11,linkedin,searched_no_match,논문 제목·주제의 LinkedIn 대상 공개 검색에서 구체적인 게시물을 확인하지 못했습니다. 일반 프로필과 사이트 제한 밖 결과는 제외했으며 로그인 내부 기록은 확인하지 않았습니다.,No paper-specific LinkedIn post was verified by targeted public-index queries. Generic profiles and off-site results were excluded; logged-in history was not inspected.
11,other_outreach,searched_no_match,제목·DOI 및 연구실 관련 공개 검색에서 기타 소개 자료를 함께 조사했습니다. 해당 논문의 별도 소개를 확인하지 못했습니다. 기관 채널에 기록한 연구실 공지는 중복 집계하지 않았습니다.,Broad title/DOI and lab-related public searches also screened other outreach. No additional matching feature was verified; institutional lab announcements were not double-counted.
10,institutional,searched_no_match,제목·DOI 일반 검색 및 연세/NBDL 관련 확인 범위에서 별도의 기관 보도나 논문별 공지를 찾지 못했습니다. 일반 논문 목록은 제외했습니다.,No separate institutional release or paper-specific announcement was found in the title/DOI searches and Yonsei/NBDL checks. Generic publication lists were excluded.
10,independent_media,searched_no_match,논문 제목·DOI·선택 저자/주제의 일반 웹 검색으로 폭넓게 조사했습니다. 해당 논문을 특정하는 기사 본문은 확인되지 않았으며 모든 언론사의 내부 보관함을 검색한 것은 아닙니다.,"Broad web queries used titles, DOIs and selected author/topic terms. No matching news body was verified; individual news archives were not exhaustively searched."
10,publisher_promotion,searched_no_match,제목·DOI 일반 검색으로 출판사 소개도 함께 조사했습니다. 원논문 페이지·목차의 보통 초록·인용 목록 외에 별도 홍보물을 확인하지 못했습니다.,"Broad title/DOI searches also screened for publisher features. No separate promotion was verified beyond article pages, ordinary table-of-contents abstracts or references."
10,linkedin,searched_no_match,논문 제목·주제의 LinkedIn 대상 공개 검색에서 구체적인 게시물을 확인하지 못했습니다. 일반 프로필과 사이트 제한 밖 결과는 제외했으며 로그인 내부 기록은 확인하지 않았습니다.,No paper-specific LinkedIn post was verified by targeted public-index queries. Generic profiles and off-site results were excluded; logged-in history was not inspected.
10,other_outreach,searched_no_match,제목·DOI 및 연구실 관련 공개 검색에서 기타 소개 자료를 함께 조사했습니다. 해당 논문의 별도 소개를 확인하지 못했습니다. 기관 채널에 기록한 연구실 공지는 중복 집계하지 않았습니다.,Broad title/DOI and lab-related public searches also screened other outreach. No additional matching feature was verified; institutional lab announcements were not double-counted.
9,institutional,searched_no_match,제목·DOI 일반 검색 및 연세/NBDL 관련 확인 범위에서 별도의 기관 보도나 논문별 공지를 찾지 못했습니다. 일반 논문 목록은 제외했습니다.,No separate institutional release or paper-specific announcement was found in the title/DOI searches and Yonsei/NBDL checks. Generic publication lists were excluded.
9,independent_media,searched_no_match,논문 제목·DOI·선택 저자/주제의 일반 웹 검색으로 폭넓게 조사했습니다. 해당 논문을 특정하는 기사 본문은 확인되지 않았으며 모든 언론사의 내부 보관함을 검색한 것은 아닙니다.,"Broad web queries used titles, DOIs and selected author/topic terms. No matching news body was verified; individual news archives were not exhaustively searched."
9,publisher_promotion,searched_no_match,제목·DOI 일반 검색으로 출판사 소개도 함께 조사했습니다. 원논문 페이지·목차의 보통 초록·인용 목록 외에 별도 홍보물을 확인하지 못했습니다.,"Broad title/DOI searches also screened for publisher features. No separate promotion was verified beyond article pages, ordinary table-of-contents abstracts or references."
9,linkedin,searched_no_match,논문 제목·주제의 LinkedIn 대상 공개 검색에서 구체적인 게시물을 확인하지 못했습니다. 일반 프로필과 사이트 제한 밖 결과는 제외했으며 로그인 내부 기록은 확인하지 않았습니다.,No paper-specific LinkedIn post was verified by targeted public-index queries. Generic profiles and off-site results were excluded; logged-in history was not inspected.
9,other_outreach,searched_no_match,제목·DOI 및 연구실 관련 공개 검색에서 기타 소개 자료를 함께 조사했습니다. 해당 논문의 별도 소개를 확인하지 못했습니다. 기관 채널에 기록한 연구실 공지는 중복 집계하지 않았습니다.,Broad title/DOI and lab-related public searches also screened other outreach. No additional matching feature was verified; institutional lab announcements were not double-counted.
8,institutional,searched_no_match,제목·DOI 일반 검색 및 연세/NBDL 관련 확인 범위에서 별도의 기관 보도나 논문별 공지를 찾지 못했습니다. 일반 논문 목록은 제외했습니다.,No separate institutional release or paper-specific announcement was found in the title/DOI searches and Yonsei/NBDL checks. Generic publication lists were excluded.
8,independent_media,searched_no_match,논문 제목·DOI·선택 저자/주제의 일반 웹 검색으로 폭넓게 조사했습니다. 해당 논문을 특정하는 기사 본문은 확인되지 않았으며 모든 언론사의 내부 보관함을 검색한 것은 아닙니다.,"Broad web queries used titles, DOIs and selected author/topic terms. No matching news body was verified; individual news archives were not exhaustively searched."
8,publisher_promotion,searched_no_match,제목·DOI 일반 검색으로 출판사 소개도 함께 조사했습니다. 원논문 페이지·목차의 보통 초록·인용 목록 외에 별도 홍보물을 확인하지 못했습니다.,"Broad title/DOI searches also screened for publisher features. No separate promotion was verified beyond article pages, ordinary table-of-contents abstracts or references."
8,linkedin,searched_no_match,논문 제목·주제의 LinkedIn 대상 공개 검색에서 구체적인 게시물을 확인하지 못했습니다. 일반 프로필과 사이트 제한 밖 결과는 제외했으며 로그인 내부 기록은 확인하지 않았습니다.,No paper-specific LinkedIn post was verified by targeted public-index queries. Generic profiles and off-site results were excluded; logged-in history was not inspected.
8,other_outreach,searched_no_match,제목·DOI 및 연구실 관련 공개 검색에서 기타 소개 자료를 함께 조사했습니다. 해당 논문의 별도 소개를 확인하지 못했습니다. 기관 채널에 기록한 연구실 공지는 중복 집계하지 않았습니다.,Broad title/DOI and lab-related public searches also screened other outreach. No additional matching feature was verified; institutional lab announcements were not double-counted.
7,institutional,searched_no_match,제목·DOI 일반 검색 및 연세/NBDL 관련 확인 범위에서 별도의 기관 보도나 논문별 공지를 찾지 못했습니다. 일반 논문 목록은 제외했습니다.,No separate institutional release or paper-specific announcement was found in the title/DOI searches and Yonsei/NBDL checks. Generic publication lists were excluded.
7,independent_media,searched_no_match,논문 제목·DOI·선택 저자/주제의 일반 웹 검색으로 폭넓게 조사했습니다. 해당 논문을 특정하는 기사 본문은 확인되지 않았으며 모든 언론사의 내부 보관함을 검색한 것은 아닙니다.,"Broad web queries used titles, DOIs and selected author/topic terms. No matching news body was verified; individual news archives were not exhaustively searched."
7,publisher_promotion,searched_no_match,제목·DOI 일반 검색으로 출판사 소개도 함께 조사했습니다. 원논문 페이지·목차의 보통 초록·인용 목록 외에 별도 홍보물을 확인하지 못했습니다.,"Broad title/DOI searches also screened for publisher features. No separate promotion was verified beyond article pages, ordinary table-of-contents abstracts or references."
7,linkedin,searched_no_match,논문 제목·주제의 LinkedIn 대상 공개 검색에서 구체적인 게시물을 확인하지 못했습니다. 일반 프로필과 사이트 제한 밖 결과는 제외했으며 로그인 내부 기록은 확인하지 않았습니다.,No paper-specific LinkedIn post was verified by targeted public-index queries. Generic profiles and off-site results were excluded; logged-in history was not inspected.
7,other_outreach,searched_no_match,제목·DOI 및 연구실 관련 공개 검색에서 기타 소개 자료를 함께 조사했습니다. 해당 논문의 별도 소개를 확인하지 못했습니다. 기관 채널에 기록한 연구실 공지는 중복 집계하지 않았습니다.,Broad title/DOI and lab-related public searches also screened other outreach. No additional matching feature was verified; institutional lab announcements were not double-counted.
6,institutional,searched_no_match,제목·DOI 일반 검색 및 연세/NBDL 관련 확인 범위에서 별도의 기관 보도나 논문별 공지를 찾지 못했습니다. 일반 논문 목록은 제외했습니다.,No separate institutional release or paper-specific announcement was found in the title/DOI searches and Yonsei/NBDL checks. Generic publication lists were excluded.
6,independent_media,searched_no_match,논문 제목·DOI·선택 저자/주제의 일반 웹 검색으로 폭넓게 조사했습니다. 해당 논문을 특정하는 기사 본문은 확인되지 않았으며 모든 언론사의 내부 보관함을 검색한 것은 아닙니다.,"Broad web queries used titles, DOIs and selected author/topic terms. No matching news body was verified; individual news archives were not exhaustively searched."
6,publisher_promotion,searched_no_match,제목·DOI 일반 검색으로 출판사 소개도 함께 조사했습니다. 원논문 페이지·목차의 보통 초록·인용 목록 외에 별도 홍보물을 확인하지 못했습니다.,"Broad title/DOI searches also screened for publisher features. No separate promotion was verified beyond article pages, ordinary table-of-contents abstracts or references."
6,linkedin,searched_no_match,논문 제목·주제의 LinkedIn 대상 공개 검색에서 구체적인 게시물을 확인하지 못했습니다. 일반 프로필과 사이트 제한 밖 결과는 제외했으며 로그인 내부 기록은 확인하지 않았습니다.,No paper-specific LinkedIn post was verified by targeted public-index queries. Generic profiles and off-site results were excluded; logged-in history was not inspected.
6,other_outreach,searched_no_match,제목·DOI 및 연구실 관련 공개 검색에서 기타 소개 자료를 함께 조사했습니다. 해당 논문의 별도 소개를 확인하지 못했습니다. 기관 채널에 기록한 연구실 공지는 중복 집계하지 않았습니다.,Broad title/DOI and lab-related public searches also screened other outreach. No additional matching feature was verified; institutional lab announcements were not double-counted.
5,institutional,searched_no_match,제목·DOI 일반 검색 및 연세/NBDL 관련 확인 범위에서 별도의 기관 보도나 논문별 공지를 찾지 못했습니다. 일반 논문 목록은 제외했습니다.,No separate institutional release or paper-specific announcement was found in the title/DOI searches and Yonsei/NBDL checks. Generic publication lists were excluded.
5,independent_media,searched_no_match,논문 제목·DOI·선택 저자/주제의 일반 웹 검색으로 폭넓게 조사했습니다. 해당 논문을 특정하는 기사 본문은 확인되지 않았으며 모든 언론사의 내부 보관함을 검색한 것은 아닙니다.,"Broad web queries used titles, DOIs and selected author/topic terms. No matching news body was verified; individual news archives were not exhaustively searched."
5,publisher_promotion,searched_no_match,제목·DOI 일반 검색으로 출판사 소개도 함께 조사했습니다. 원논문 페이지·목차의 보통 초록·인용 목록 외에 별도 홍보물을 확인하지 못했습니다.,"Broad title/DOI searches also screened for publisher features. No separate promotion was verified beyond article pages, ordinary table-of-contents abstracts or references."
5,linkedin,searched_no_match,논문 제목·주제의 LinkedIn 대상 공개 검색에서 구체적인 게시물을 확인하지 못했습니다. 일반 프로필과 사이트 제한 밖 결과는 제외했으며 로그인 내부 기록은 확인하지 않았습니다.,No paper-specific LinkedIn post was verified by targeted public-index queries. Generic profiles and off-site results were excluded; logged-in history was not inspected.
5,other_outreach,searched_no_match,제목·DOI 및 연구실 관련 공개 검색에서 기타 소개 자료를 함께 조사했습니다. 해당 논문의 별도 소개를 확인하지 못했습니다. 기관 채널에 기록한 연구실 공지는 중복 집계하지 않았습니다.,Broad title/DOI and lab-related public searches also screened other outreach. No additional matching feature was verified; institutional lab announcements were not double-counted.
4,institutional,searched_no_match,제목·DOI 일반 검색 및 연세/NBDL 관련 확인 범위에서 별도의 기관 보도나 논문별 공지를 찾지 못했습니다. 일반 논문 목록은 제외했습니다.,No separate institutional release or paper-specific announcement was found in the title/DOI searches and Yonsei/NBDL checks. Generic publication lists were excluded.
4,independent_media,searched_no_match,논문 제목·DOI·선택 저자/주제의 일반 웹 검색으로 폭넓게 조사했습니다. 해당 논문을 특정하는 기사 본문은 확인되지 않았으며 모든 언론사의 내부 보관함을 검색한 것은 아닙니다.,"Broad web queries used titles, DOIs and selected author/topic terms. No matching news body was verified; individual news archives were not exhaustively searched."
4,publisher_promotion,searched_no_match,제목·DOI 일반 검색으로 출판사 소개도 함께 조사했습니다. 원논문 페이지·목차의 보통 초록·인용 목록 외에 별도 홍보물을 확인하지 못했습니다.,"Broad title/DOI searches also screened for publisher features. No separate promotion was verified beyond article pages, ordinary table-of-contents abstracts or references."
4,linkedin,searched_no_match,논문 제목·주제의 LinkedIn 대상 공개 검색에서 구체적인 게시물을 확인하지 못했습니다. 일반 프로필과 사이트 제한 밖 결과는 제외했으며 로그인 내부 기록은 확인하지 않았습니다.,No paper-specific LinkedIn post was verified by targeted public-index queries. Generic profiles and off-site results were excluded; logged-in history was not inspected.
4,other_outreach,searched_no_match,제목·DOI 및 연구실 관련 공개 검색에서 기타 소개 자료를 함께 조사했습니다. 해당 논문의 별도 소개를 확인하지 못했습니다. 기관 채널에 기록한 연구실 공지는 중복 집계하지 않았습니다.,Broad title/DOI and lab-related public searches also screened other outreach. No additional matching feature was verified; institutional lab announcements were not double-counted.
3,institutional,searched_no_match,제목·DOI 일반 검색 및 연세/NBDL 관련 확인 범위에서 별도의 기관 보도나 논문별 공지를 찾지 못했습니다. 일반 논문 목록은 제외했습니다.,No separate institutional release or paper-specific announcement was found in the title/DOI searches and Yonsei/NBDL checks. Generic publication lists were excluded.
3,independent_media,searched_no_match,논문 제목·DOI·선택 저자/주제의 일반 웹 검색으로 폭넓게 조사했습니다. 해당 논문을 특정하는 기사 본문은 확인되지 않았으며 모든 언론사의 내부 보관함을 검색한 것은 아닙니다.,"Broad web queries used titles, DOIs and selected author/topic terms. No matching news body was verified; individual news archives were not exhaustively searched."
3,publisher_promotion,searched_no_match,제목·DOI 일반 검색으로 출판사 소개도 함께 조사했습니다. 원논문 페이지·목차의 보통 초록·인용 목록 외에 별도 홍보물을 확인하지 못했습니다.,"Broad title/DOI searches also screened for publisher features. No separate promotion was verified beyond article pages, ordinary table-of-contents abstracts or references."
3,linkedin,searched_no_match,논문 제목·주제의 LinkedIn 대상 공개 검색에서 구체적인 게시물을 확인하지 못했습니다. 일반 프로필과 사이트 제한 밖 결과는 제외했으며 로그인 내부 기록은 확인하지 않았습니다.,No paper-specific LinkedIn post was verified by targeted public-index queries. Generic profiles and off-site results were excluded; logged-in history was not inspected.
3,other_outreach,searched_no_match,제목·DOI 및 연구실 관련 공개 검색에서 기타 소개 자료를 함께 조사했습니다. 해당 논문의 별도 소개를 확인하지 못했습니다. 기관 채널에 기록한 연구실 공지는 중복 집계하지 않았습니다.,Broad title/DOI and lab-related public searches also screened other outreach. No additional matching feature was verified; institutional lab announcements were not double-counted.
2,institutional,searched_no_match,제목·DOI 일반 검색 및 연세/NBDL 관련 확인 범위에서 별도의 기관 보도나 논문별 공지를 찾지 못했습니다. 일반 논문 목록은 제외했습니다.,No separate institutional release or paper-specific announcement was found in the title/DOI searches and Yonsei/NBDL checks. Generic publication lists were excluded.
2,independent_media,searched_no_match,논문 제목·DOI·선택 저자/주제의 일반 웹 검색으로 폭넓게 조사했습니다. 해당 논문을 특정하는 기사 본문은 확인되지 않았으며 모든 언론사의 내부 보관함을 검색한 것은 아닙니다.,"Broad web queries used titles, DOIs and selected author/topic terms. No matching news body was verified; individual news archives were not exhaustively searched."
2,publisher_promotion,searched_no_match,제목·DOI 일반 검색으로 출판사 소개도 함께 조사했습니다. 원논문 페이지·목차의 보통 초록·인용 목록 외에 별도 홍보물을 확인하지 못했습니다.,"Broad title/DOI searches also screened for publisher features. No separate promotion was verified beyond article pages, ordinary table-of-contents abstracts or references."
2,linkedin,searched_no_match,논문 제목·주제의 LinkedIn 대상 공개 검색에서 구체적인 게시물을 확인하지 못했습니다. 일반 프로필과 사이트 제한 밖 결과는 제외했으며 로그인 내부 기록은 확인하지 않았습니다.,No paper-specific LinkedIn post was verified by targeted public-index queries. Generic profiles and off-site results were excluded; logged-in history was not inspected.
2,other_outreach,searched_no_match,제목·DOI 및 연구실 관련 공개 검색에서 기타 소개 자료를 함께 조사했습니다. 해당 논문의 별도 소개를 확인하지 못했습니다. 기관 채널에 기록한 연구실 공지는 중복 집계하지 않았습니다.,Broad title/DOI and lab-related public searches also screened other outreach. No additional matching feature was verified; institutional lab announcements were not double-counted.
1,institutional,searched_no_match,제목·DOI 일반 검색 및 연세/NBDL 관련 확인 범위에서 별도의 기관 보도나 논문별 공지를 찾지 못했습니다. 일반 논문 목록은 제외했습니다.,No separate institutional release or paper-specific announcement was found in the title/DOI searches and Yonsei/NBDL checks. Generic publication lists were excluded.
1,independent_media,searched_no_match,논문 제목·DOI·선택 저자/주제의 일반 웹 검색으로 폭넓게 조사했습니다. 해당 논문을 특정하는 기사 본문은 확인되지 않았으며 모든 언론사의 내부 보관함을 검색한 것은 아닙니다.,"Broad web queries used titles, DOIs and selected author/topic terms. No matching news body was verified; individual news archives were not exhaustively searched."
1,publisher_promotion,searched_no_match,제목·DOI 일반 검색으로 출판사 소개도 함께 조사했습니다. 원논문 페이지·목차의 보통 초록·인용 목록 외에 별도 홍보물을 확인하지 못했습니다.,"Broad title/DOI searches also screened for publisher features. No separate promotion was verified beyond article pages, ordinary table-of-contents abstracts or references."
1,linkedin,searched_no_match,논문 제목·주제의 LinkedIn 대상 공개 검색에서 구체적인 게시물을 확인하지 못했습니다. 일반 프로필과 사이트 제한 밖 결과는 제외했으며 로그인 내부 기록은 확인하지 않았습니다.,No paper-specific LinkedIn post was verified by targeted public-index queries. Generic profiles and off-site results were excluded; logged-in history was not inspected.
1,other_outreach,searched_no_match,제목·DOI 및 연구실 관련 공개 검색에서 기타 소개 자료를 함께 조사했습니다. 해당 논문의 별도 소개를 확인하지 못했습니다. 기관 채널에 기록한 연구실 공지는 중복 집계하지 않았습니다.,Broad title/DOI and lab-related public searches also screened other outreach. No additional matching feature was verified; institutional lab announcements were not double-counted.
